--DROP DATABASE IF EXISTS nfldb;
--CREATE DATABASE nfldb;
--use nfldb;

-- DROP TABLES IF EXIST--
DROP TABLE IF EXISTS conference;
DROP TABLE IF EXISTS stadium;
DROP TABLE IF EXISTS state;
DROP TABLE IF EXISTS division;
DROP TABLE IF EXISTS teams;
DROP TABLE IF EXISTS player;
DROP TABLE IF EXISTS position;
DROP TABLE IF EXISTS college;


--CREATE TABLES--

--Conference Table--

CREATE TABLE conference (
    conf_id INT NOT NULL,
    conf_name char(3) NOT NULL,
    CONSTRAINT PK_Conference_ConferenceID PRIMARY KEY (conf_id)
);

--Division Table--

CREATE TABLE division (
    div_id INT NOT NULL,
    div_name char(5) NOT NULL,
    CONSTRAINT PK_Division_DivisionID PRIMARY KEY(div_id)
);

--U.S State Table--

CREATE TABLE state (
    state_id INT IDENTITY (1, 1) NOT NULL,
    state_name VARCHAR(20) NOT NULL,
    CONSTRAINT PK_State_StateID PRIMARY KEY (state_id),
);

--Stadium Table--

CREATE TABLE stadium (
    stadium_id INT NOT NULL,
    city char(30) NOT NULL,
    stadium_name char(30) NOT NULL,
    stadium_capacity INT NOT NULL,
    state_id INT,
    CONSTRAINT PK_Stadium_StadiumID PRIMARY KEY(stadium_id),
    CONSTRAINT FK_state_stateID FOREIGN KEY(state_id)
    REFERENCES state (state_id)
);

--Teams Table--

CREATE TABLE teams (
    team_id INT NOT NULL,
    team_name char(30) NOT NULL,
    year_est char(4),
    conf_id INT,
    div_id INT,
    stadium_id INT,
    CONSTRAINT PK_Teams_TeamsID PRIMARY KEY (team_id),
    CONSTRAINT FK_conference_confID FOREIGN KEY (conf_id)
    REFERENCES conference (conf_id),
    CONSTRAINT FK_stadium_stadiumID FOREIGN KEY (stadium_id)
    REFERENCES stadium (stadium_id),
    CONSTRAINT FK_division_divID FOREIGN KEY (div_id)
    REFERENCES division (div_id)    
);

--Position Table--

CREATE TABLE position (
    pos_id INT IDENTITY(1,1),
    position VARCHAR(20) NOT NULL,
    CONSTRAINT PK_position_posID PRIMARY KEY (pos_id)
);

--College Table--

CREATE TABLE college (
    col_id INT IDENTITY(1,1),
    college VARCHAR(100) NOT NULL,
    CONSTRAINT PK_college_colID PRIMARY KEY (col_id)
);

--Player Table--

CREATE TABLE player (
    player_id INT IDENTITY(1, 1),
    first_name VARCHAR(20) NOT NULL,
    last_name VARCHAR(30) NOT NULL,
    pos_id INT NOT NULL,
    team_id INT NOT NULL,
    height_cm INT NOT NULL,
    weight_lbs INT NOT NULL,
    birth_date DATE NOT NULL,
    col_id INT NOT NULL,
    CONSTRAINT PK_player_playerID PRIMARY KEY (player_id),
    CONSTRAINT FK_teams_teamID FOREIGN KEY (team_id)
    REFERENCES teams (team_id),
    CONSTRAINT FK_position_posID FOREIGN KEY (pos_id)
    REFERENCES position (pos_id),
    CONSTRAINT FK_college_colID FOREIGN KEY (col_id)
    REFERENCES college(col_id)
);


--SEEDS--

--Conference Seeds--
INSERT INTO conference
VALUES (1, 'NFC'),
       (2, 'AFC');


--Division Seeds--
INSERT INTO division 
VALUES
(1, 'North'),
(2, 'South'),
(3, 'West'),
(4, 'East');

--State Seeds--
INSERT INTO  state 
VALUES ('Arizona'),
    ('Georgia'),
    ('Maryland'),
    ('New York'),
    ('North Carolina'),
    ('Illinois'),
    ('Ohio'),
    ('Texas'),
    ('Colorado'),
    ('Michigan'),
    ('Wisconsin'),
    ('Indiana'),
    ('Florida'),
    ('Missouri'),
    ('Las Vegas'),
    ('California'),
    ('Minnesota'),
    ('Massachusetts'),
    ('Louisiana'),
    ('New Jersey'),
    ('Pennsylvania'),
    ('Washington'),
    ('Tennessee');


--Stadium Seeds--
INSERT INTO stadium 
VALUES
(1, 'Phoenix', 'State Farm Stadium', 63400, 1),
(2, 'Atlanta', 'Mercedes Benz Stadium', 75000, 2),
(3, 'Baltimore', 'M&T Bank Stadium', 71008, 3),
(4, 'Orchard Park', 'Highmark Stadium', 71608, 4),
(5, 'Charlotte', 'Bank of America Stadium', 75412, 5),
(6, 'Chicago', 'Solider Field', 61500, 6),
(7, 'Cincinnati', 'Paycor Stadium', 65535, 7),
(8, 'Cleveland', 'FirstEnergy Stadium', 67895, 7),
(9, 'Arlington', 'AT&T Stadium', 80000, 8),
(10, 'Denver', 'Mile High Stadium', 76125, 9),
(11, 'Detroit', 'Ford Field', 65000, 10),
(12, 'Green Bay', 'Lambeau Field', 81441, 11),
(13, 'Houston', 'NRG Stadium', 72220, 8),
(14, 'Indianapolis', 'Lucas Oil Stadium', 70000, 12),
(15, 'Jacksonville', 'TIAA Bank Field', 67164, 13),
(16, 'Kansas City', 'Arrowhead Stadium', 76416, 14),
(17, 'Paradise', 'Allegiant Stadium', 65000, 15),
(18, 'Inglewood', 'Sofi Stadium', 70240, 16),
(19, 'Miami Gardens', 'Hard Rock Stadium', 65326, 13),
(20, 'Minneapolis', 'US Bank Stadium', 73000, 17),
(21, 'Foxborough', 'Gillette Stadium', 65878, 18),
(22, 'New Orleans', 'Caesars Superdome', 74295, 19),
(23, 'East Rutherford', 'MetLife Stadium', 82500, 20),
(24, 'Philadelphia', 'Lincoln Financial Field', 67594, 21),
(25, 'Pittsburgh', 'Acrisure Stadium', 68400, 21),
(26, 'Santa Clara', 'Levi''s Stadium', 68500, 16),
(27, 'Seattle', 'Lumen Field', 72000, 22),
(28, 'Tampa', 'Raymond James Stadium', 65890, 13),
(29, 'Nashville', 'Nissan Stadium', 69143, 23),
(30, 'Summerfield', 'FedEx Field', 82000, 3);


--Teams Seeds--
INSERT INTO teams 
VALUES
(1, 'Arizona Cardinals', 1898, 1, 3, 1),
(2, 'Atlanta Falcons', 1965, 1, 2, 2),
(3, 'Baltimore Ravens', 1996, 2, 1, 3),
(4, 'Buffalo Bills', 1960, 2, 4, 4),
(5, 'Carolina Panthers', 1993, 1, 2, 5),
(6, 'Chicago Bears', 1920, 1, 1, 6),
(7, 'Cincinnati Bengals', 1967, 2, 1, 7),
(8, 'Cleveland Browns', 1946, 2, 1, 8),
(9, 'Dallas Cowboys', 1960, 1, 4, 9),
(10, 'Denver Broncos', 1960, 2, 3, 10),
(11, 'Detroit Lions', 1929, 1, 1, 11),
(12, 'Green Bay Packers', 1919, 1, 1, 12),
(13, 'Houston Texans', 1999, 2, 2, 13 ),
(14, 'Indianapolis Colts', 1953, 2, 2, 14),
(15, 'Jacksonville Jaguars', 1993, 2, 2, 15),
(16, 'Kansas City Chiefs', 1960, 2, 3, 16),
(17, 'Las Vegas Raiders', 1960, 2, 3, 17),
(18, 'Los Angeles Chargers', 1960, 2, 3, 18),
(19, 'Los Angeles Rams', 1936, 1, 3, 18),
(20, 'Miami Dolphins', 1966, 2, 4, 19),
(21, 'Minnesota Vikings', 1960, 1, 1, 20),
(22, 'New England Patriots', 1960, 2, 4, 21),
(23, 'New Orleans Saints', 1967, 1, 2, 22),
(24, 'New York Giants', 1925, 1, 4, 23),
(25, 'New York Jets', 1960, 2, 4, 23),
(26, 'Philadelphia Eagles', 1933, 1, 4, 24),
(27, 'Pittsburgh Steelers', 1933, 2, 1, 25),
(28, 'San Francisco 49ers', 1946, 1, 3, 26),
(29, 'Seattle Seahawks', 1974, 1, 3, 27),
(30, 'Tampa Bay Buccaneers', 1976, 1, 2, 28),
(31, 'Tennessee Titans', 1959, 2, 2, 29),
(32, 'Washington Commanders', 1932, 1, 4, 30);


--Position Seeds--
INSERT INTO position
VALUES
('Quarterback'),
('Wide Receiver'),
('Running Back'),
('Tight End'),
('Offensive Line'),
('Defensive Line'),
('Linebacker'),
('Cornerback'),
('Safety'),
('Kicker'),
('Punter');

--College Seeds--
INSERT INTO college
VALUES
('University of Oklahoma'),
('University of Texas'),
('University of Oregon'),
('University of Cincinnati'),
('University of Louisville'),
('University of Utah'),
('University of Wyoming'),
('University of Houston'),
('University of Southern California'),
('Ohio State University'),
('Northwestern University'),
('Louisiana State University'),
('University of Arkansas'),
('Clemson University'),
('North Carolina State University'),
('Mississippi State University'),
('Central Michigan University'),
('Boise State University'),
('University of California'),
('Indiana University'),
('Utah State University'),
('Stanford University'),
('Texas A&M University'),
('Boston College'),
('University of Iowa'),
('Texas Tech University'),
('University of Michigan'),
('Fresno State'),
('Auburn University'),
('University of Missouri'),
('University of Georgia'),
('Wake Forest University'),
('University of Alabama'),
('Michigan State University'),
('University of Southern Mississippi'),
('Western Kentucky University'),
('Florida State University'),
('Texas Christian University'),
('Duke University'),
('Virginia Tech'),
('Brigham Young University'),
('Washington State University'),
('University of Pittsburgh'),
('University of North Carolina'),
('Eastern Illinois University'),
('Iowa State University'),
('North Dakota State University'),
('West Virginia University'),
('Liberty University'),
('Old Dominion University'),
('Temple University'),
('Purdue University'),
('Arizona State University'),
('University of South Carolina'),
('University of Virginia'),
('University of Minnesota'),
('University of Florida'),
('University of Central Florida'),
('University of Maryland'),
('University of Colorado'),
('Notre Dame University'),
('University of Arizona'),
('Tulane University'),
('Colorado State University'),
('Southern Methodist University'),
('Penn State University'),
('College of the Holy Cross'),
('University of Nevada'),
('University of Kentucky'),
('Oregon State University'),
('University of Washington'),
('University of Miami'),
('Malone University'),
('East Carolina University'),
('University of San Diego'),
('University of South Florida'),
('University of Pennsylvania'),
('Western Michigan University'),
('Kentucky Wesleyan College'),
('University of Tennessee'),
('California State University, Sacramento'),
('Eastern Washington University'),
('University of West Alabama'),
('Vanderbilt University'),
('Minnesota State University'),
('Baylor University'),
('Weber State University'),
('Middle Tennessee State University'),
('University of Mississippi'),
('University of Toledo'),
('University of Kansas'),
('Kansas State University'),
('Bowling Green State University'),
('Ball State University'),
('Oklahoma State University'),
('Florida Atlantic University'),
('University of Memphis'),
('Fordham University'),
('Kutztown University of Pennsylvania'),
('University of Texas at El Paso'),
('University of Wisconsin'),
('Illinois State University'),
('Rutgers University'),
('Georgia Southern University'),
('Western Colorado University'),
('University of North Texas'),
('South Dakota State University'),
('Louisiana Tech'),
('University of Louisiana'),
('Georgia Tech'),
('San Diego State University'),
('Arkansas State University'),
('Southern Illinois University'),
('Harvard University'),
('Coastal Carolina University'),
('San Jose State University'),
('Drake University'),
('Bryant University'),
('Indiana State University'),
('Virginia Commonwealth University'),
('University of Wisconsin-Platteville'),
('Valdosta State University'),
('University of South Alabama'),
('Stetson University'),
('University of Western Kentucky'),
('Florida International University'),
('University of Dayton'),
('University of Southern Arkansas'),
('University of Nebraska'),
('University of Massachusetts'),
('Appalachian State University'),
('University of Northern Iowa'),
('Southern Utah University'),
('Yale University'),
('Northern Illinois University'),
('Humboldt State University'),
('University of Illinois'),
('University of Tulsa'),
('Marshall University'),
('University of Wisconsin-Whitewater'),
('University at Buffalo'),
('University of California, Los Angeles'),
('Alabama State University'),
('Eastern Michigan University'),
('University of Sioux Falls'),
('Bloomsberg University of Pennsylvania'),
('Texas State University'),
('University of Arkansas at Pine Bluff'),
('Elon University'),
('University of Tennessee at Chattanooga'),
('Montana State University'),
('University of Connecticut'),
('None'),
('Grambling State University'),
('University of Idaho'),
('University of Texas at San Antonio'),
('James Madison University'),
('Rice University'),
('University of North Carolina at Charlotte'),
('Bucknell University'),
('Colorado State University Pueblo'),
('University of Alabama at Birmingham'),
('Lindenwood University'),
('University of Charleston'),
('Troy University'),
('Albany State University'),
('Missouri State University'),
('Western Illinois University'),
('Syracuse University'),
('University of Delaware'),
('Brown University'),
('Ferris State University'),
('Villanova University'),
('University of Manitoba'),
('Samford University'),
('Fort Hays State University'),
('Stephen F. Austin State University'),
('South Carolina State University'),
('University of Regina'),
('Miami University, Ohio'),
('Greenville University'),
('Wayne State University, Michigan'),
('Tarleton State University'),
('Houston Christian University'),
('University of South Dakota'),
('University of Hawaii'),
('Grand Valley State University'),
('Murray State University'),
('Pennsylvania Western University, California'),
('Southeast Missouri State University'),
('Tusculum University'),
('Jacksonville State University'),
('Washburn University'),
('University of Central Arkansas'),
('Pittsburg State University'),
('Ventura College'),
('Fayetteville State University'),
('Missouri Western State University'),
('Texas A&M University - Commerce'),
('Presbyterian College'),
('Western Carolina University'),
('Georgia State University'),
('Sam Houston State University'),
('Southern University'),
('College of William and Mary'),
('University of West Florida'),
('University of New Mexico'),
('Marist College');


SELECT * FROM college;
SELECT * FROM teams;

--Player Seeds--
INSERT INTO player
VALUES
('Kyler', 'Murray', 1, 1, 178, 207, 1997-08-07, 1),
('Colt', 'McCoy', 1, 1, 185, 211, 1986-09-05, 2),
('Marcus', 'Mariota', 1, 2, 193, 220, 1993-10-30, 3),
('Desmond', 'Ridder', 1, 2, 193, 213, 1999-08-31, 4),
('Lamar', 'Jackson', 1, 3, 188, 211, 1997-01-07, 5),
('Tyler', 'Huntley', 1, 3, 185, 194, 1998-02-03, 6),
('Josh', 'Allen', 1, 4, 196, 235, 1996-05-21, 7),
('Case', 'Keenum', 1, 4, 185, 213, 1988-02-17, 8),
('Baker', 'Mayfield', 1, 5, 185, 213, 1995-04-14, 1),
('Sam', 'Darnold', 1, 5, 190, 225, 1997-06-05, 9),
('Justin', 'Fields', 1, 6, 190, 228, 1999-03-05, 10),
('Trevor', 'Siemian', 1, 6, 190, 220, 1991-12-26, 11),
('Joe', 'Burrow', 1, 7, 193, 221, 1996-12-10, 12),
('Brandon', 'Allen', 1, 7, 188, 209, 1992-09-05, 13),
('Deshaun', 'Watson', 1, 8, 188, 215, 1995-05-14, 14),
('Jacoby', 'Brissett', 1, 8, 193, 235, 1992-12-11, 15),
('Dak', 'Prescott', 1, 9, 188, 238, 1993-07-29, 16),
('Cooper', 'Rush', 1, 9, 190, 225, 1993-11-21, 17),
('Russell', 'Wilson', 1, 10, 180, 215, 1988-11-29, 15),
('Brett', 'Rypien', 1, 10, 188, 202, 1996-07-09, 18),
('Jared', 'Goff', 1, 11, 193, 217, 1994-10-14, 19),
('Nate', 'Sudfeld', 1, 11, 198, 227, 1993-10-07, 20),
('Aaron', 'Rodgers', 1, 12, 188, 225, 1983-12-02, 19),
('Jordan', 'Love', 1, 12, 193, 219, 1998-11-02, 21),
('Davis', 'Mills', 1, 13, 193, 225, 1998-10-21, 22),
('Kyle', 'Allen', 1, 13, 190, 210, 1996-03-08, 8),
('Matt', 'Ryan', 1, 14, 193, 217, 1985-05-17, 24),
('Sam', 'Ehlinger', 1, 14, 190, 225, 1998-09-30, 2),
('Trevor', 'Lawrence', 1, 15, 198, 213, 1999-10-06, 14),
('C.J', 'Beathard', 1, 15, 188, 215, 1993-11-16, 25),
('Patrick', 'Mahomes', 1, 16, 190, 227, 1995-09-17, 26),
('Chad', 'Henne', 1, 16, 190, 215, 1985-07-02, 27),
('Derek', 'Carr', 1, 17, 190, 210, 1991-03-28, 28),
('Jarrett', 'Stidham', 1, 17, 190, 214, 1996-08-08, 29),
('Justin', 'Herbert', 1, 18, 198, 237, 1998-03-10, 3),
('Chase', 'Daniel', 1, 18, 183, 218, 1986-10-07, 30),
('Matthew', 'Stafford', 1, 19, 190, 220, 1988-02-07, 31),
('John', 'Wolford', 1, 19, 185, 200, 1995-10-16, 32),
('Tua', 'Tagovailoa', 1, 20, 185, 217, 1998-03-02, 33),
('Teddy', 'Bridgewater', 1, 20, 188, 215, 1992-11-10, 5),
('Kirk', 'Cousins', 1, 21, 190, 205, 1988-08-19, 34),
('Nick', 'Mullens', 1, 21, 185, 210, 1995-03-21, 35),
('Mac', 'Jones', 1, 22, 190, 217, 1998-09-05, 33),
('Bailey', 'Zappe', 1, 22, 185, 220, 1999-04-26, 36),
('Jameis', 'Winston', 1, 23, 193, 231, 1994-01-06, 37),
('Andy', 'Dalton', 1, 23, 188, 219, 1987-10-29, 38),
('Daniel', 'Jones', 1, 24, 196, 221, 1997-05-27, 39),
('Tyrod', 'Taylor', 1, 24, 185, 217, 1989-08-03, 40),
('Zach', 'Wilson', 1, 25, 188, 214, 1999-08-03, 41),
('Mike', 'White', 1, 25, 193, 218, 1995-03-25, 36),
('Jalen', 'Hurts', 1, 26, 185, 223, 1998-08-07, 1),
('Gardner', 'Minshew', 1, 26, 185, 225, 1996-05-16, 42),
('Kenny', 'Pickett', 1, 27, 190, 220, 1998-06-06, 43),
('Mitch', 'Trubisky', 1, 27, 188, 220, 1994-08-20, 44),
('Jimmy', 'Garoppolo', 1, 28, 188, 225, 1991-11-02, 45),
('Brock', 'Purdy', 1, 28, 185, 220, 1999-12-27, 46),
('Trey', 'Lance', 1, 28, 193, 224, 2000-05-09, 47),
('Geno', 'Smith', 1, 29, 190, 221, 1990-10-10, 48),
('Drew', 'Lock', 1, 29, 193, 228, 1996-11-10, 30),
('Blaine', 'Gabbert', 1, 30, 196, 235, 1989-10-15, 30),
('Ryan', 'Tannehill', 1, 31, 193, 217, 1988-07-27, 23),
('Malik', 'Willis', 1, 31, 185, 215, 1999-05-25, 49),
('Taylor', 'Heinicke', 1, 32, 185, 210, 1993-03-15, 50),
('Sam', 'Howell', 1, 32, 185, 220, 2000-09-16, 44),
('Carson', 'Wentz', 1, 32, 196, 237, 1992-12-30, 47),
('Deandre', 'Hopkins', 2, 1, 185, 212, 1992-06-06, 14),
('A.J', 'Green', 2, 1, 193, 207, 1988-07-31, 31),
('Marquise', 'Brown', 2, 1, 175, 180, 1997-06-04, 1),
('Robbie', 'Anderson', 2, 1, 190, 190, 1993-04-09, 51),
('Rondale', 'Moore', 2, 1, 170, 180, 2000-06-09, 52),
('Drake', 'London', 2, 2, 196, 210, 2001-07-24, 9),
('Frank', 'Darby', 2, 2, 185, 200, 1997-09-08, 53),
('Damiere', 'Byrd', 2, 2, 175, 175, 1993-01-27, 54),
('Olamide', 'Zaccheaus', 2, 2, 173, 193, 1997-07-23, 55),
('Rashod', 'Bateman', 2, 3, 188, 210, 1999-11-29, 56),
('Sammy', 'Watkins', 2, 3, 185, 211, 1993-06-14, 14),
('Demarcus', 'Robinson', 2, 3, 185, 202, 1994-09-21, 57),
('Devin', 'Duvernay', 2, 3, 180, 210, 1997-09-12, 2),
('Gabe', 'Davis', 2, 4, 188, 210, 1999-04-01, 58),
('Isaiah', 'McKenzie', 2, 4, 173, 173, 1995-04-09, 31),
('Stefon', 'Diggs', 2, 4, 183, 191, 1993-11-29, 59),
('Khalil', 'Shakir', 2, 4, 183, 190, 2000-02-03, 18),
('Jamison', 'Crowder', 2, 4, 175, 177, 1993-06-17, 39),
('Terrace', 'Marshall Jr.', 2, 5, 188, 200, 2000-06-09, 12),
('DJ', 'Moore', 2, 5, 183, 210, 1997-04-14, 59),
('Laviska', 'Shenault Jr.', 2, 5, 185, 227, 1998-10-05, 60),
('Shi', 'Smith', 2, 5, 178, 190, 1998-10-26, 54),
('Equanimeous', 'St. Brown', 2, 6, 196, 214, 1996-09-30, 61),
('Chase', 'Claypool', 2, 6, 193, 238, 1998-07-07, 61),
('N''Keal', 'Harry', 2, 6, 193, 225, 1997-12-17, 53),
('Darnell', 'Mooney', 2, 6, 180, 173, 1997-10-29, 63),
('Ja''Marr', 'Chase', 2, 7, 185, 200, 2000-03-01, 12),
('Tee', 'Higgins', 2, 7, 193, 215, 1999-01-18, 14),
('Tyler', 'Boyd', 2, 7, 188, 203, 1994-11-15, 43),
('Trenton', 'Irwin', 2, 7, 188, 207, 1995-12-10, 22),
('Amari', 'Cooper', 2, 8, 185, 210, 1994-06-17, 33),
('Donovan', 'Peoples-Jones', 2, 8, 188, 204, 1999-02-19, 27),
('David', 'Bell', 2, 8, 188, 205, 2000-12-14, 52),
('Michael', 'Gallup', 2, 9, 185, 198, 1996-03-04, 64),
('Noah', 'Brown', 2, 9, 188, 225, 1996-01-06, 10),
('CeeDee', 'Lamb', 2, 9, 188, 189, 1999-04-08, 1),
('Courtland', 'Sutton', 2, 10, 193, 216, 1995-10-10, 65),
('Jerry', 'Jeudy', 2, 10, 185, 193, 1999-04-24, 33),
('KJ', 'Hamler', 2, 10, 175, 178, 1999-07-08, 66),
('Kendall', 'Hinton', 2, 10, 183, 195, 1997-02-19, 32),
('Amon-ra', 'St. Brown', 2, 11, 183, 197, 1999-10-24, 9),
('Kalif', 'Raymond', 2, 11, 173, 182, 1994-08-08, 67),
('DJ', 'Clark', 2, 11, 193, 198, 1996-09-23, 12),
('Josh', 'Reynolds', 2, 11, 190, 196, 1995-02-16, 23),
('Tom', 'Kennedy', 2, 11, 178, 195, 1996-07-29, 118),
('Allen', 'Lazard', 2, 12, 196, 227, 1995-12-11, 46),
('Christian', 'Watson', 2, 12, 196, 200, 1999-05-12, 47),
('Romeo', 'Doubs', 2, 12, 188, 200, 2000-04-13, 68),
('Randall', 'Cobb', 2, 12, 178, 195, 1990-08-22, 69),
('Brandin', 'Cooks', 2, 13, 178, 183, 1993-09-25, 70),
('Chris', 'Moore', 2, 13, 185, 200, 1993-06-16, 4),
('Nico', 'Collins', 2, 13, 193, 215, 1999-03-19, 27),
('Phillip', 'Dorsett', 2, 13, 178, 192, 1993-01-05, 72),
('Amari', 'Rodgers', 2, 13, 175, 212, 1999-09-23, 14),
('Michael', 'Pittman Jr.', 2, 14, 193, 223, 1997-10-05, 9),
('Parris', 'Campbell', 2, 14, 183, 208, 1997-07-16, 10),
('Alec', 'Pierce', 2, 14, 190, 213, 2000-05-02, 4),
('Ashton', 'Dulin', 2, 14, 185, 215, 1997-05-15, 73),
('Christian', 'Kirk', 2, 15, 180, 200, 1996-11-18, 23),
('Zay', 'Zones', 2, 15, 188, 200, 1995-03-30, 74),
('Marvin', 'Jones', 2, 15, 188, 199, 1990-03-12, 19),
('Jamal', 'Agnew', 2, 15, 178, 190, 1995-04-03, 75),
('JuJu', 'Smith-Schuster', 2, 16, 185, 215, 1996-11-22, 9),
('Marquez', 'Valdes-Scantling', 2, 16, 193, 206, 1994-10-10, 76),
('Justin', 'Watson', 2, 16, 190, 215, 1996-04-04, 77),
('Mecole', 'Hardman', 2, 16, 178, 187, 1998-03-12, 31),
('Skyy', 'Moore', 2, 16, 178, 195, 2000-09-10, 78),
('Kadarius', 'Toney', 2, 16, 183, 193, 1999-01-27, 57),
('Davante', 'Adams', 2, 17, 185, 215, 1992-12-24, 28),
('Mack', 'Hollins', 2, 17, 193, 221, 1993-10-16, 44),
('Hunter', 'Renfrow', 2, 17, 178, 185, 1995-12-21, 14),
('Keelan', 'Cole', 2, 17, 185, 194, 1993-04-20, 79),
('Mike', 'Williams', 2, 18, 193, 218, 1994-10-04, 14),
('Josh', 'Palmer', 2, 18, 185, 210, 1998-09-22, 80),
('Keenan', 'Allen', 2, 18, 188, 211, 1992-04-27, 19),
('DeAndre', 'Carter', 2, 18, 173, 188, 1993-04-10, 81),
('Cooper', 'Kupp', 2, 19, 188, 208, 1993-06-15, 82),
('Ben', 'Skowronek', 2, 19, 190, 224, 1997-06-27, 61),
('Van', 'Jefferson', 2, 19, 185, 200, 1996-07-26, 57),
('Allen', 'Robinson', 2, 19, 188, 220, 1993-08-24, 66),
('Tutu', 'Atwell', 2, 19, 175, 165, 1999-10-07, 5),
('Brandon', 'Powell', 2, 19, 173, 188, 1995-09-12, 57),
('Tyreek', 'Hill', 2, 20, 178, 185, 1994-03-01, 83),
('Jaylen', 'Waddle', 2, 20, 178, 182, 1998-11-25, 33),
('Trent', 'Sherfield', 2, 20, 185, 219, 1996-02-26, 84),
('Cedric', 'Wilson Jr.', 2, 20, 188, 200, 1995-11-20, 18),
('River', 'Cracraft', 2, 20, 183, 198, 1994-11-01, 42),
('Justin', 'Jefferson', 2, 21, 185, 195, 1999-06-16, 12),
('Adam', 'Thielen', 2, 21, 188, 200, 1990-08-22, 85),
('K.J.', 'Osborn', 2, 21, 180, 203, 1997-06-10, 72),
('Jalen', 'Nailor', 2, 21, 183, 190, 1999-03-02, 34),
('Jalen', 'Reagor', 2, 21, 180, 197, 1999-01-02, 38),
('Jakobi', 'Meyers', 2, 22, 188, 200, 1996-11-09, 15),
('DeVante', 'Parker', 2, 22, 190, 219, 1993-01-20, 5),
('Kendrick', 'Bourne', 2, 22, 185, 203, 1995-08-04, 82),
('Nelson', 'Agholor', 2, 22, 183, 198, 1993-05-24, 54),
('Tyquan', 'Thornton', 2, 22, 190, 182, 2000-08-07, 86),
('Chris', 'Olave', 2, 23, 185, 188, 2000-06-27, 10),
('Rashid', 'Shaheed', 2, 23, 183, 180, 1998-08-31, 87),
('Tre''Quan', 'Smith', 2, 23, 188, 210, 1996-01-07, 58),
('Jarvis', 'Landry', 2, 23, 180, 196, 1992-11-28, 12),
('Michael', 'Thomas', 2, 23, 190, 212, 1993-03-03, 10),
('Marquez', 'Callaway', 2, 23, 188, 204, 1998-03-27, 80),
('Darius', 'Slayton', 2, 24, 185, 190, 1997-01-12, 29),
('Richie', 'James', 2, 24, 175, 185, 1995-09-05, 88),
('Isaiah', 'Hodgins', 2, 24, 193, 210, 1998-10-21, 70),
('Wan''Dale', 'Robinson', 2, 24, 173, 185, 2001-01-05, 69),
('Sterling', 'Shepard', 2, 24, 178, 201, 1993-02-10, 1),
('Garrett', 'Wilson', 2, 25, 183, 192, 2000-07-22, 10),
('Corey', 'Davis', 2, 25, 190, 209, 1995-01-11, 78),
('Elijah', 'Moore', 2, 25, 178, 178, 2000-03-27, 89),
('Denzel', 'Mims', 2, 25, 190, 207, 1997-10-10, 86),
('Braxton', 'Berrios', 2, 25, 175, 190, 1995-10-06, 72),
('Jeff', 'Smith', 2, 25, 185, 195, 1997-04-21, 24),
('A.J', 'Brown', 2, 26, 185, 226, 1997-06-30, 89),
('DeVonta', 'Smith', 2, 26, 183, 170, 1998-11-14, 33),
('Quez', 'Watkins', 2, 26, 183, 193, 1998-06-09, 35),
('Zach', 'Pascal', 2, 26, 188, 214, 1994-12-18, 50),
('Diontae', 'Johnson', 2, 27, 178, 183, 1996-07-05, 90),
('George', 'Pickens', 2, 27, 190, 200, 2001-03-04, 31),
('Steven', 'Sims', 2, 27, 178, 176, 1997-03-31, 91),
('Brandon', 'Aiyuk', 2, 28, 183, 200, 1998-03-17, 62),
('Deebo', 'Samuel', 2, 28, 183, 215, 1996-01-15, 54),
('Jauan', 'Jennings', 2, 28, 190, 212, 1997-07-10, 80),
('Ray-Ray', 'McCloud', 2, 28, 175, 190, 1996-10-15, 14),
('D.K.', 'Metcalf', 2, 29, 193, 235, 1997-12-14, 89),
('Tyler', 'Lockett', 2, 29, 178, 182, 1992-09-28, 92),
('Marquise', 'Goodwin', 2, 29, 175, 180, 1990-11-19, 2),
('Mike', 'Evans', 2, 30, 196, 231, 1993-08-21, 23),
('Chris', 'Godwin', 2, 30, 185, 208, 1996-02-27, 66),
('Russell', 'Gage', 2, 30, 183, 184, 1996-01-22, 12),
('Julio', 'Jones', 2, 30, 190, 220, 1989-02-08, 33),
('Scott', 'Miller', 2, 30, 175, 174, 1997-07-31, 93),
('Breshad', 'Perriman', 2, 30, 185, 210, 1993-09-10, 58),
('Robert', 'Woods', 2, 31, 183, 195, 1992-04-10, 9),
('Treylon', 'Burks', 2, 31, 190, 225, 2000-03-23, 13),
('Nick', 'Westbrook-Ikhine', 2, 31, 188, 215, 1997-03-21, 20),
('Terry', 'McLaurin', 2, 32, 183, 210, 1995-09-15, 10),
('Curtis', 'Samuel', 2, 32, 180, 195, 1996-08-11, 10),
('Jahan', 'Dotson', 2, 32, 180, 184, 2000-03-22, 66),
('Dyami', 'Brown', 2, 32, 183, 195, 1999-11-01, 44),
('James', 'Conner', 3, 1, 185, 233, 1995-05-05, 43),
('Darrel', 'Williams', 3, 1, 180, 219, 1995-04-15, 12),
('Tyler', 'Allgeier', 3, 2, 180, 220, 2000-04-15, 41),
('Cordarrelle', 'Patterson', 3, 2, 188, 220, 1991-03-17, 80),
('Caleb', 'Huntley', 3, 2, 178, 229, 1998-09-15, 94),
('Avery', 'Williams', 3, 2, 175, 195, 1998-07-15, 18),
('J.K.', 'Dobbins', 3, 3, 178, 214, 1998-12-17, 10),
('Kenyan', 'Drake', 3, 3, 185, 211, 1994-01-26, 33),
('Gus', 'Edwards', 3, 3, 185, 238, 1995-04-13, 72),
('Justice', 'Hill', 3, 3, 178, 200, 1997-11-14, 95),
('Devin', 'Singletary', 3, 4, 170, 203, 1997-09-03, 96),
('James', 'Cook', 3, 4, 180, 190, 1999-09-25, 31),
('D''Onta', 'Foreman', 3, 5, 185, 236, 1996-04-24, 2),
('Chuba', 'Hubbard', 3, 5, 185, 210, 1999-06-11, 95),
('Christian', 'McCaffrey', 3, 28, 180, 205, 1996-06-07, 22),
('David', 'Montgomery', 3, 6, 180, 224, 1997-06-07, 46),
('Khalil', 'Herbert', 3, 6, 175, 212, 1998-04-21, 40),
('Joe', 'Mixon', 3, 7, 185, 220, 1996-07-24, 1),
('Samaje', 'Perine', 3, 7, 180, 240, 1995-09-16, 1),
('Nick', 'Chubb', 3, 8, 180, 227, 1995-12-27, 31),
('Kareem', 'Hunt', 3, 8, 180, 216, 1995-08-06, 90),
('Tony', 'Pollard', 3, 9, 183, 209, 1997-04-30, 97),
('Ezekiel', 'Elliot', 3, 9, 183, 228, 1995-07-22, 10),
('Malik', 'Davis', 3, 9, 178, 207, 1998-11-26, 57),
('Latavius', 'Murray', 3, 10, 190, 230, 1990-01-18, 58),
('Javonte', 'Williams', 3, 10, 178, 220, 2000-04-25, 44),
('Chase', 'Edmonds', 3, 10, 175, 210, 1996-04-13, 98),
('Mike', 'Boone', 3, 10, 178, 205, 1995-07-30, 4),
('Eno', 'Benjamin', 3, 23, 175, 207, 1999-04-13, 53),
('Jamaal', 'Williams', 3, 11, 183, 224, 1995-04-03, 41),
('D''Andre', 'Swift', 3, 11, 175, 211, 1999-01-14, 31),
('Justin', 'Jackson', 3, 11, 183, 200, 1996-04-22, 11),
('Craig', 'Reynolds', 3, 11, 180, 215, 1996-06-15, 99),
('Aaron', 'Jones', 3, 12, 175, 208, 1994-12-02, 100),
('A.J.', 'Dillon', 3, 12, 183, 247, 1998-05-02, 24),
('Dameon', 'Pierce', 3, 13, 178, 212, 2000-02-19, 57),
('Dare', 'Ogunbowale', 3, 13, 178, 205, 1994-05-04, 101),
('Royce', 'Freeman', 3, 13, 183, 238, 1996-02-24, 3),
('Jonathan', 'Taylor', 3, 14, 178, 226, 1999-01-19, 101),
('Zack', 'Moss', 3, 14, 175, 205, 1997-12-15, 6),
('Deon', 'Jackson', 3, 14, 183, 220, 1999-02-18, 39),
('Travis', 'Etienne', 3, 15, 178, 210, 1999-01-26, 14),
('James', 'Robinson', 3, 15, 175, 219, 1998-08-09, 102),
('Jamycal', 'Hasty', 3, 15, 173, 205, 1996-09-12, 86),
('Isiah', 'Pacheco', 3, 16, 180, 215, 2000-03-02, 103),
('Clyde', 'Edwards-Helaire', 3, 16, 173, 209, 1999-04-11, 12),
('Jerick', 'McKinnon', 3, 16, 175, 201, 1992-05-03, 104),
('Josh', 'Jacobs', 3, 17, 178, 220, 1998-02-11, 33),
('Austin', 'Ekeler', 3, 18, 178, 200, 1995-05-17, 105),
('Joshua', 'Kelley', 3, 18, 180, 212, 1997-11-20, 19),
('Sony', 'Michel', 3, 18, 180, 215, 1995-02-17, 31),
('Cam', 'Akers', 3, 19, 180, 212, 1999-06-22, 37),
('Darrell', 'Henderson', 3, 19, 173, 208, 1997-08-19, 97),
('Kyren', 'Williams', 3, 19, 175, 195, 2000-08-26, 61),
('Raheem', 'Mostert', 3, 20, 178, 205, 1992-04-09, 52),
('Jeff', 'Wilson', 3, 20, 183, 194, 1995-11-16, 106),
('Dalvin', 'Cook', 3, 21, 178, 210, 1995-08-10, 37),
('Alexander', 'Mattison', 3, 21, 180, 215, 1998-06-19, 18),
('Rhamondre', 'Stevenson', 3, 22, 183, 227, 1998-02-23, 1),
('Damien', 'Harris', 3, 22, 180, 213, 1997-02-11, 33),
('Pierre', 'Strong', 3, 22, 180, 205, 1998-12-10, 107),
('Alvin', 'Kamara', 3, 23, 178, 215, 1995-07-25, 80),
('Mark', 'Ingram', 3, 23, 175, 215, 1989-12-21, 33),
('Saquon', 'Barkley', 3, 24, 180, 233, 1997-02-09, 66),
('Matt', 'Breida', 3, 24, 178, 195, 1995-02-28, 104),
('Gary', 'Brightwell', 3, 24, 180, 215, 1999-02-28, 62),
('Breece', 'Hall', 3, 25, 185, 220, 2001-05-31, 46),
('Michael', 'Carter', 3, 25, 173, 201, 1999-05-07, 44),
('Zonovan', 'Knight', 3, 25, 180, 210, 2001-04-11, 15),
('Ty', 'Johnson', 3, 25, 178, 210, 1997-09-17, 59),
('Miles', 'Sanders', 3, 26, 180, 211, 1997-05-01, 66),
('Kenneth', 'Gainwell', 3, 26, 175, 200, 1999-03-14, 97),
('Boston', 'Scott', 3, 26, 168, 203, 1995-04-27, 108),
('Najee', 'Harris', 3, 27, 185, 232, 1998-03-09, 33),
('Jaylen', 'Warren', 3, 27, 173, 215, 1998-11-01, 95),
('Elijah', 'Moore', 3, 28, 178, 200, 1998-05-02, 109),
('Jordan', 'Mason', 3, 28, 180, 223, 1999-05-24, 110),
('Tyrion', 'Davis-Price', 3, 28, 185, 232, 2000-10-23, 12),
('Kenneth', 'Walker III', 3, 29, 178, 210, 2000-10-20, 34),
('Rashaad', 'Penny', 3, 29, 180, 220, 1996-02-02, 111),
('DeeJay', 'Dallas', 3, 29, 178, 214, 1998-09-16, 72),
('Leonard', 'Fournette', 3, 30, 183, 228, 1995-01-18, 12),
('Rachaad', 'White', 3, 30, 188, 210, 1999-01-12, 53),
('Derrick', 'Henry', 3, 31, 190, 247, 1994-01-04, 33),
('Dontreil', 'Hilliard', 3, 31, 180, 202, 1995-02-26, 63),
('Brian', 'Robinson Jr.', 3, 32, 185, 225, 1999-03-22, 33),
('Antonio', 'Gibson', 3, 32, 188, 220, 1998-06-23, 97),
('Jonathan', 'Williams', 3, 32, 183, 217, 1994-02-02, 13),
('J.D.', 'McKissic', 3, 32, 178, 195, 1993-08-15, 112),
('Zach', 'Ertz', 4, 1, 186, 250, 1990-11-10, 22),
('Trey', 'McBride', 4, 1, 193, 260, 1999-11-22, 64),
('Kyle', 'Pitts', 4, 2, 198, 246, 2000-10-06, 57),
('MyCole', 'Pruitt', 4, 2, 188, 245, 1992-03-24, 113),
('Anthony', 'Firsker', 4, 2, 188, 246, 1995-02-19, 114),
('Mark', 'Andrews', 4, 3, 196, 256, 1995-09-06, 1),
('Isaiah', 'Likely', 4, 3, 193, 240, 2000-04-18, 115),
('Josh', 'Oliver', 4, 3, 196, 249, 1997-03-21, 116),
('Dawson', 'Knox', 4, 4, 193, 245, 1996-11-14, 89),
('Ian', 'Thomas', 4, 5, 193, 260, 1996-06-06, 20),
('Tommy', 'Tremble', 4, 5, 193, 250, 2000-06-02, 61),
('Giovanni', 'Ricci', 4, 5, 190, 240, 1996-10-16, 78),
('Cole', 'Kmet', 4, 6, 198, 260, 1999-03-10, 61),
('Hayden', 'Hurst', 4, 7, 193, 260, 1993-08-24, 54),
('Mitchell', 'Wilcox', 4, 7, 193, 247, 1996-11-07, 76),
('David', 'Njoku', 4, 8, 193, 246, 1996-07-10, 72),
('Harrison', 'Bryant', 4, 8, 196, 230, 1998-04-23, 96),
('Dalton', 'Schultz', 4, 9, 196, 244, 1996-07-11, 22),
('Jake', 'Ferguson', 4, 9, 196, 244, 1999-01-18, 101),
('Peyton', 'Hendershot', 4, 9, 193, 254, 1999-04-23, 20),
('Greg', 'Dulcich', 4, 10, 190, 245, 2000-03-26, 19),
('Eric', 'Saubert', 4, 10, 196, 253, 1994-05-01, 117),
('Brock', 'Wright', 4, 11, 196, 259, 1998-11-27, 61),
('James', 'Mitchell', 4, 11, 190, 255, 1999-08-11, 40),
('Robert', 'Tonyan', 4, 12, 196, 237, 1994-04-30, 119),
('Josiah', 'Deguara', 4, 12, 188, 238, 1997-02-14, 4),
('Jordan', 'Akins', 4, 13, 193, 243, 1992-04-19, 58),
('O.J.', 'Howard', 4, 13, 198, 251, 1994-11-18, 33),
('Brevin', 'Jordan', 4, 13, 190, 245, 2000-07-16, 72),
('Teagan', 'Quitoriano', 4, 13, 198, 256, 2000-03-15, 70),
('Jelani', 'Woods', 4, 14, 201, 265, 1998-10-09, 95),
('Kylen', 'Granson', 4, 14, 188, 242, 1998-03-27, 65),
('Mo', 'Alie-Cox', 4, 14, 186, 267, 1993-09-19, 120),
('Evan', 'Engram', 4, 15, 190, 240, 1994-09-02, 89),
('Dan', 'Arnold', 4, 15, 198, 240, 1995-03-15, 121),
('Travis', 'Kelce', 4, 16, 196, 256, 1989-10-05, 4),
('Noah', 'Gray', 4, 16, 193, 240, 1999-04-30, 39),
('Jody', 'Forston', 4, 16, 198, 230, 1995-12-07, 122),
('Foster', 'Moreau', 4, 17, 193, 250, 1997-05-06, 12),
('Darren', 'Waller', 4, 17, 198, 255, 1992-09-13, 110),
('Gerald', 'Everett', 4, 18, 190, 240, 1994-06-25, 123),
('Donald', 'Parham', 4, 18, 203, 237, 1997-08-16, 124),
('Tyler', 'Higbee', 4, 19, 198, 255, 1993-01-01, 125),
('Brycen', 'Hopkins', 4, 19, 193, 245, 1997-03-27, 52),
('Mike', 'Gesicki', 4, 20, 198, 247, 1995-10-03, 66),
('Durham', 'Smythe', 4, 20, 198, 246, 1995-08-09, 61),
('T.J.', 'Hockenson', 4, 21, 196, 248, 1997-07-03, 25),
('Irv', 'Smith Jr.', 4, 21, 188, 240, 1998-08-09, 33),
('Johnny', 'Mundt', 4, 21, 193, 233, 1994-11-23, 3),
('Hunter', 'Henry', 4, 22, 196, 250, 1994-12-07, 13),
('Jonnu', 'Smith', 4, 22, 190, 248, 1995-08-22, 126),
('Juwan', 'Johnson', 4, 23, 193, 231, 1996-09-13, 66),
('Adam', 'Trautman', 4, 23, 196, 253, 1997-02-05, 127),
('Daniel', 'Bellinger', 4, 24, 198, 255, 2000-09-22, 111),
('Tanner', 'Hudson', 4, 24, 196, 239, 1994-11-12, 128),
('Tyler', 'Conklin', 4, 25, 190, 248, 1995-07-30, 17),
('C.J.', 'Uzomah', 4, 25, 198, 260, 1993-01-14, 29),
('Dallas', 'Goedert', 4, 26, 196, 256, 1995-01-03, 107),
('Jack', 'Stoll', 4, 26, 193, 247, 1998-01-28, 129),
('Pat', 'Freiermuth', 4, 27, 196, 258, 1998-10-25, 66),
('Connor', 'Heyward', 4, 27, 183, 230, 1999-01-22, 34),
('Zach', 'Gentry', 4, 27, 203, 265, 1996-09-10, 27),
('George', 'Kittle', 4, 28, 193, 250, 1993-10-09, 25),
('Ross', 'Dwelley', 4, 28, 196, 235, 1995-01-26, 75),
('Noah', 'Fant', 4, 29, 193, 249, 1997-11-20, 25),
('Will', 'Dissly', 4, 29, 193, 265, 1996-07-08, 71),
('Colby', 'Parkinson', 4, 29, 201, 251, 1999-01-08, 22),
('Cade', 'Otton', 4, 30, 196, 250, 1999-04-15, 71),
('Cameron', 'Brate', 4, 30, 196, 245, 1991-07-03, 114),
('Chigoziem', 'Okonkwo', 4, 31, 188, 244, 1999-09-08, 59),
('Austin', 'Hooper', 4, 31, 193, 255, 1994-10-29, 22),
('Logan', 'Thomas', 4, 32, 198, 250, 1991-07-01, 40),
('John', 'Bates', 4, 32, 198, 259, 1997-11-06, 18),
('Kelvin', 'Beachum', 5, 1, 190, 308, 1989-06-08, 65),
('Cody', 'Ford', 5, 1, 190, 329, 1996-12-28, 1),
('Max', 'Garcia', 5, 1, 193, 309, 1991-11-09, 57),
('Sean', 'Harlow', 5, 1, 193, 284, 1995-03-28, 70),
('Will', 'Hernandez', 5, 1, 188, 327, 1995-09-02, 100),
('Josh', 'Jones', 5, 1, 201, 319, 1997-06-22, 8),
('Billy', 'Price', 5, 1, 193, 308, 1994-10-11, 10),
('Lecitus', 'Smith', 5, 1, 190, 315, 1998-07-13, 40),
('D.J.', 'Humphries', 5, 1, 196, 307, 1993-12-28, 57),
('Elijah', 'Wilkinson', 5, 2, 198, 322, 1995-02-10, 130),
('Germain', 'Idefi', 5, 2, 196, 344, 1994-06-02, 23),
('Matt', 'Hennessy', 5, 2, 190, 307, 1997-11-17, 51),
('Colby', 'Gossett', 5, 2, 196, 311, 1995-06-23, 131),
('Drew', 'Dalman', 5, 2, 190, 300, 1998-10-15, 22),
('Kaleb', 'McGary', 5, 2, 198, 306, 1995-02-22, 71),
('Jake', 'Matthews', 5, 2, 196, 309, 1992-02-11, 23),
('Chris', 'Lindstrom', 5, 2, 190, 307, 1997-02-28, 24),
('Patrick', 'Mekari', 5, 3, 193, 308, 1997-08-13, 19),
('Ronnie', 'Stanley', 5, 3, 198, 315, 1994-03-18, 61),
('Morgan', 'Moses', 5, 3, 198, 318, 1991-03-03, 55),
('Daniel', 'Faalele', 5, 3, 206, 380, 1999-11-09, 56),
('Kevin', 'Zeitler', 5, 3, 193, 315, 1990-03-08, 101),
('Ben', 'Powers', 5, 3, 193, 310, 1996-10-29, 1),
('Tyler', 'Linderbaum', 5, 3, 190, 290, 2000-04-07, 25),
('Ben', 'Cleveland', 5, 3, 198, 357, 1998-08-25, 31),
('David', 'Quessenberry', 5, 4, 196, 310, 1990-08-24, 116),
('Ryan', 'Bates', 5, 4, 193, 302, 1997-02-14, 66),
('Bobby', 'Hart', 5, 4, 196, 310, 1994-08-21, 37),
('Dion', 'Dawkins', 5, 4, 196, 320, 1994-04-26, 51),
('Spencer', 'Brown', 5, 4, 206, 311, 1998-02-28, 132),
('Greg', 'Van Roten', 5, 4, 190, 305, 1990-02-26, 77),
('Rodger', 'Saffold', 5, 4, 196, 325, 1988-06-06, 20),
('Mitch', 'Morse', 5, 4, 198, 305, 1992-04-21, 30),
('Bradley', 'Bozeman', 5, 5, 196, 325, 1994-11-24, 33),
('Taylor', 'Morton', 5, 5, 196, 325, 1994-08-14, 78),
('Cameron', 'Erving', 5, 5, 196, 315, 1992-08-23, 37),
('Ikem', 'Ekwonu', 5, 5, 193, 320, 2000-10-31, 15),
('Brady', 'Christensen', 5, 5, 198, 300, 1996-09-27, 41),
('Cade', 'Mays', 5, 5, 198, 325, 1999-04-26, 80),
('Michael', 'Jordan', 5, 5, 198, 315, 1998-01-25, 10),
('Austin', 'Corbett', 5, 5, 193, 306, 1995-09-05, 68),
('Michael', 'Schofield', 5, 6, 198, 301, 1990-11-15, 27),
('Teven', 'Jenkins', 5, 6, 198, 320, 1998-03-03, 95),
('Cody', 'Whitehair', 5, 6, 190, 316, 1992-07-11, 92),
('Riley', 'Reiff', 5, 6, 196, 313, 1988-12-01, 25),
('Sam', 'Mustipher', 5, 6, 188, 332, 1996-08-13, 61),
('Braxton', 'Jones', 5, 6, 201, 310, 1999-03-27, 133),
('Dieter', 'Eiselen', 5, 6, 193, 300, 1996-06-10, 134),
('Larry', 'Borom', 5, 6, 196, 333, 1999-03-30, 30),
('Hakeem', 'Adeniji', 5, 7, 196, 300, 1997-12-08, 91),
('La''El', 'Collins', 5, 7, 193, 320, 1993-07-26, 12),
('Jonah', 'Williams', 5, 7, 193, 305, 1997-11-17, 33),
('Cordell', 'Volson', 5, 7, 201, 313, 1998-07-20, 47),
('Max', 'Scharping', 5, 7, 198, 327, 1996-08-10, 135),
('Alex', 'Cappa', 5, 7, 198, 305, 1995-01-27, 136),
('Ted', 'Karras', 5, 7, 193, 305, 1993-03-15, 137),
('Trey', 'Hill', 5, 7, 193, 320, 2000-01-23, 31),
('Jedrick', 'Wills Jr.', 5, 8, 193, 307, 1999-05-17, 33),
('James', 'Hudson', 5, 8, 196, 313, 1999-05-13, 4),
('Jack', 'Conklin', 5, 8, 198, 308, 1994-08-17, 34),
('Michael', 'Dunn', 5, 8, 196, 315, 1994-08-28, 59),
('Wyatt', 'Teller', 5, 8, 193, 314, 1994-11-21, 40),
('Joel', 'Bitonio', 5, 8, 193, 320, 1991-10-11, 68),
('Ethan', 'Pocic', 5, 8, 198, 320, 1995-08-05, 12),
('Tyler', 'Smith', 5, 9, 196, 332, 2001-04-03, 138),
('Terence', 'Steele', 5, 9, 198, 310, 1997-06-04, 26),
('Jason', 'Peters', 5, 9, 193, 328, 1982-01-22, 13),
('Josh', 'Ball',  5, 9, 203, 304, 1998-05-15, 139),
('Connor', 'McGovern', 5, 9, 196, 308, 1997-11-03, 66),
('Zack', 'Martin', 5, 9, 193, 315, 1990-11-20, 61),
('Tyler', 'Biadasz', 5, 9, 190, 316, 1997-11-20, 101),
('Billy', 'Turner', 5, 10, 196, 310, 1991-10-17, 47),
('Quinn', 'Meinerz', 5, 10, 190, 320, 1998-11-15, 140),
('Cameron', 'Fleming', 5, 10, 198, 325, 1992-09-03, 22),
('Quinn', 'Bailey', 5, 10, 198, 323, 1995-10-18, 53),
('Calvin', 'Anderson', 5, 10, 196, 300, 1996-03-25, 2),
('Dalton', 'Risner', 5, 10, 196, 312, 1995-07-13, 92),
('Graham', 'Glasgow', 5, 10, 198, 310, 1992-07-19, 27),
('Lloyd', 'Cushenberry III', 5, 10, 190, 312, 1997-11-22, 12),
('Evan', 'Brown', 5, 11, 190, 320, 1996-09-16, 65),
('Dan', 'Skipper', 5, 11, 206, 325, 1994-09-20, 13),
('Penei', 'Sewell', 5, 11, 196, 331, 2000-10-09, 3),
('Matt', 'Nelson', 5, 11, 201, 316, 1995-12-19, 25),
('Taylor', 'Decker', 5, 11, 201, 318, 1993-08-23, 10),
('Logan', 'Stenberg', 5, 11, 198, 315, 1997-03-18, 69),
('Jonah', 'Jackson', 5, 11, 193, 308, 1997-02-05, 10),
('Kayode', 'Awosika', 5, 11, 196, 315, 1998-10-27, 141),
('Frank', 'Ragnow', 5, 11, 196, 311, 1996-05-17, 13),
('Zach', 'Tom', 5, 12, 196, 305, 1999-03-26, 32),
('Royce', 'Newman', 5, 12, 196, 310, 1997-08-17, 89),
('Josh', 'Myers', 5, 12, 196, 310, 1998-07-16, 10),
('Elgton', 'Jenkins', 5, 12, 196, 311, 1995-12-26, 16),
('Yosuah', 'Nijman', 5, 12, 201, 314, 1996-01-02, 40),
('David', 'Balhtiari', 5, 12, 193, 310, 1991-09-30, 60),
('Jon', 'Runyan Jr.', 5, 12, 193, 307, 1997-08-08, 27),
('Latemy', 'Tunsil', 5, 13, 196, 313, 1994-08-02, 89),
('Scott', 'Quessenberry', 5, 13, 190, 310, 1995-03-23, 142),
('Jimmy', 'Morrissey', 5, 13, 190, 305, 1998-06-09, 43),
('Justin', 'McCray', 5, 13, 190, 315, 1992-05-31, 58),
('Tytus', 'Howard', 5, 13, 196, 322, 1996-05-23, 143),
('Charlie', 'Heck', 5, 13, 203, 315, 1996-11-20, 44),
('Kenyon', 'Green', 5, 13, 193, 325, 2001-03-15, 23),
('A.J.', 'Cann', 5, 13, 190, 315, 1991-10-23, 54),
('Quenton', 'Nelson', 5, 14, 196, 330, 1996-03-19, 61),
('Braden', 'Smith', 5, 14, 198, 315, 1996-03-25, 29),
('Bernhard', 'Raimann', 5, 14, 201, 290, 1997-09-23, 17),
('Matt', 'Pryor', 5, 14, 201, 332, 1994-12-16, 38),
('Dennis', 'Kelly', 5, 14, 203, 321, 1990-01-16, 52),
('Danny', 'Pinter', 5, 14, 193, 306, 1996-06-19, 94),
('Will', 'Fries', 5, 14, 198, 309, 1998-04-04, 66),
('Ryan', 'Kelly', 5, 14, 193, 307, 1993-05-30, 33),
('Cam', 'Robinson', 5, 15, 198, 320, 1995-10-09, 33),
('Cole', 'Van Lanen', 5, 15, 196, 312, 1998-04-23, 101),
('Jawaan', 'Taylor', 5, 15, 196, 312, 1997-11-25, 57),
('Tyler', 'Shatley', 5, 15, 190, 310, 1991-05-05, 14),
('Brandon', 'Scherff', 5, 15, 196, 315, 1991-12-26, 25),
('Walker', 'Little', 5, 15, 201, 309, 1999-04-01, 22),
('Blake', 'Hance', 5, 15, 198, 310, 1996-01-11, 11),
('Luke', 'Fortner', 5, 15, 198, 300, 1998-05-15, 69),
('Joe', 'Thuney', 5, 16, 196, 304, 1992-11-18, 15),
('Trey', 'Smith', 5, 16, 196, 329, 1999-06-16, 80),
('Prince Tega', 'Wanogho', 5, 16, 196, 308, 1997-11-22, 29),
('Orlando', 'Brown Jr.', 5, 16, 203, 363, 1996-05-02, 1),
('Andrew', 'Wylie', 5, 16, 198, 310, 1994-08-19, 144),
('Nick', 'Allegretti', 5, 16, 193, 315, 1996-04-21, 137),
('Creed', 'Humphrey', 5, 16, 196, 309, 1999-06-28, 1),
('Jermaine', 'Eluemunor', 5, 17, 193, 245, 1994-12-13, 23),
('Alex', 'Bars', 5, 17, 196, 334, 1995-09-08, 61),
('Thayer', 'Munford', 5, 17, 198, 320, 1999-09-18, 10),
('Kolton', 'Miller', 5, 17, 203, 325, 1995-10-09, 142),
('Dylan', 'Parham', 5, 17, 190, 285, 1999-08-24, 97),
('Andre', 'James', 5, 17, 193, 300, 1997-05-02, 142),
('Brenden', 'Jaimes', 5, 18, 196, 298, 1999-05-28, 129),
('Will', 'Clapp', 5, 18, 196, 311, 1995-12-10, 12),
('Trey',  'Pipkins', 5, 18, 198, 307, 1996-09-05, 145),
('Storm', 'Norton', 5, 18, 201, 317, 1994-05-16, 90),
('Jamaree', 'Salyer', 5, 18, 193, 325, 2000-07-13, 31),
('Zion', 'Johnson', 5, 18, 190, 316, 1999-11-18, 24),
('Matt', 'Feiler', 5, 18, 198, 330, 1992-07-07, 146),
('Corey', 'Linsley', 5, 18, 190, 301, 1991-07-27, 10),
('Alaric', 'Jackson', 5, 19, 201, 285, 1998-07-14, 25),
('Rob', 'Havenstein', 5, 19, 203, 330, 1992-05-13, 101),
('Ty', 'Nsekhe', 5, 19, 203, 325, 1985-10-27, 147),
('AJ', 'Arcuri', 5, 19, 201, 320, 1997-08-13, 34),
('Coleman', 'Shelton', 5, 19, 193, 299, 1995-07-28, 71),
('Oday', 'Aboushi', 5, 19, 196, 308, 1991-06-05, 55),
('Matt', 'Skura', 5, 19, 190, 305, 1993-02-17, 39),
('Conor', 'Williams', 5, 20, 196, 298, 1997-05-12, 2),
('Brandon', 'Shell', 5, 20, 196, 324, 1992-02-06, 54),
('Robert', 'Jones', 5, 20, 193, 322, 1999-01-28, 88),
('Robert', 'Hunt', 5, 20, 198, 327, 1996-08-25, 109),
('Liam', 'Eichenberg', 5, 20, 196, 310, 1998-01-19, 61),
('Michael', 'Deiter', 5, 20, 198, 315, 1996-09-03, 101),
('Greg', 'Little', 5, 20, 196, 310, 1997-11-04, 89),
('Terron', 'Armstead', 5, 20, 196, 304, 1991-07-23, 148),
('Austin', 'Schlottmann', 5, 21, 198, 300, 1995-09-18, 38),
('Brian', 'O''Neill', 5, 21, 201, 310, 1995-09-15, 43),
('Christian', 'Darrisaw', 5, 21, 196, 315, 1999-06-02, 40),
('Blake', 'Brandel', 5, 21, 201, 315, 1997-01-23, 70),
('Oli', 'Udoh', 5, 21, 198, 320, 1997-02-14, 149),
('Ed', 'Ingram', 5, 21, 190, 315, 1999-02-11, 12),
('Ezra', 'Cleveland', 5, 21, 198, 312, 1998-05-08, 18),
('Garrett', 'Bradbury', 5, 21, 190, 300, 1995-06-20, 13),
('Isaiah', 'Wynn', 5, 22, 188, 310, 1995-12-09, 31),
('Cole', 'Strange', 5, 22, 198, 301, 1998-07-31, 150),
('Michael', 'Onwenu', 5, 22, 190, 350, 1997-12-10, 27),
('James', 'Ferentz', 5, 22, 188, 300, 1989-06-05, 25),
('Yodny', 'Cajuste', 5, 22, 196, 310, 1996-02-21, 48),
('Trent', 'Brown', 5, 22, 203, 380, 1993-04-13, 57),
('David', 'Andrews', 5, 22, 190, 300, 1992-07-10, 31),
('Cesar', 'Ruiz', 5, 23, 193, 316, 1999-06-14, 27),
('Calvin', 'Throckmorton', 5, 23, 196, 309, 1996-08-16, 3),
('Andrus', 'Peat', 5, 23, 201, 316, 1993-11-04, 22),
('Erik', 'McCoy', 5, 23, 193, 303, 1997-08-27, 23),
('Lewis', 'Kidd', 5, 23, 198, 311, 1997-09-15, 151),
('James', 'Hurst', 5, 23, 196, 310, 1991-12-17, 44),
('Landon', 'Young', 5, 23, 201, 321, 1997-08-21, 69),
('Ryan', 'Ramczyk', 5, 23, 198, 314, 1994-04-22, 101),
('Joshua', 'Ezeudu', 5, 24, 193, 325, 1999-09-19, 44),
('Devery', 'Hamilton', 5, 24, 198, 311, 1998-04-19, 39),
('Nick', 'Gates', 5, 24, 196, 307, 1995-11-27, 129),
('Tyre', 'Phillips', 5, 24, 196, 344, 1997-01-29, 16),
('Andrew', 'Thomas', 5, 24, 196, 315, 1999-01-22, 31),
('Matt', 'Peart', 5, 24, 201, 318, 1997-06-11, 152),
('Evan', 'Neal', 5, 24, 201, 360, 2000-09-19, 33),
('Mark', 'Glowinski', 5, 24, 193, 310, 1992-05-03, 48),
('Ben', 'Bredeson', 5, 24, 196, 315, 1998-02-20, 27),
('Jack', 'Anderson', 5, 24, 196, 315, 1998-10-12, 26),
('Jon', 'Feliciano', 5, 24, 193, 325, 1992-02-10, 72),
('Nate', 'Herbig', 5, 25, 193, 334, 1998-07-10, 22),
('Mike', 'Remmers', 5, 25, 196, 301, 1989-04-11, 70),
('Dan', 'Feeney', 5, 25, 193, 310, 1995-05-29, 20),
('George', 'Fant', 5, 25, 196, 322, 1992-07-19, 36),
('Duane', 'Brown', 5, 25, 193, 315, 1985-08-30, 40),
('Laken', 'Tomlinson', 5, 25, 190, 315, 1992-02-09, 39),
('Connor', 'McGovern', 5, 25, 193, 306, 1993-04-27, 30),
('Cam', 'Jurgens', 5, 26, 190, 290, 1999-08-21, 129),
('Jack', 'Driscoll', 5, 26, 196, 296, 1997-04-01, 29),
('Jordan', 'Mailata', 5, 26, 203, 365, 1997-03-31, 153),
('Lane', 'Johnson', 5, 26, 198, 325, 1990-05-08, 1),
('Andre', 'Dillard', 5, 26, 196, 315, 1995-10-03, 42),
('Isaac', 'Seumalo', 5, 26, 193, 303, 1993-10-29, 70),
('Landon', 'Dickerson', 5, 26, 198, 333, 1998-09-30, 33),
('Jason', 'Kelce', 5, 26, 190, 295, 1987-11-05, 4),
('Trenton', 'Scott', 5, 27, 196, 320, 1994-01-25, 154),
('Chukwuma', 'Okorafor', 5, 27, 198, 320, 1997-08-08, 78),
('Kevin', 'Dotson', 5, 27, 193, 321, 1996-09-18, 109),
('James', 'Daniels', 5, 27, 193, 327, 1997-09-13, 25),
('Mason', 'Cole', 5, 27, 196, 298, 1996-03-28, 27),
('Dan', 'Moore', 5, 27, 196, 258, 1998-09-28, 23),
('Jesse', 'Davis', 5, 27, 198, 318, 1991-09-15, 155),
('J.C.', 'Hassenauer', 5, 27, 188, 295, 1995-09-15, 33),
('Jaylon', 'Moore', 5, 28, 193, 311, 1998-01-09, 78),
('Colton', 'McKivitz', 5, 28, 198, 306, 1996-08-09, 48),
('Spencer', 'Burford', 5, 28, 196, 295, 1999-07-19, 156),
('Daniel', 'Brunskill', 5, 28, 196, 300, 1994-01-27, 111),
('Jake', 'Brendel', 5, 28, 193, 299, 1992-09-10, 142),
('Aaron', 'Banks', 5, 28, 196, 325, 1997-09-03, 61),
('Trent', 'Williams', 5, 28, 196, 320, 1988-07-19, 1),
('Mike', 'McGlinchey', 5, 28, 203, 310, 1995-01-12, 61),
('Kyle', 'Fuller', 5, 29, 196, 320, 1994-03-04, 86),
('Abraham', 'Lucas', 5, 29, 201, 319, 1998-10-25, 42),
('Stone', 'Forsythe', 5, 29, 203, 307, 1997-12-29, 57),
('Charles', 'Cross', 5, 29, 196, 305, 2000-11-25, 16),
('Damien', 'Lewis', 5, 29, 188, 327, 1997-03-21, 12),
('Gabe', 'Jackson', 5, 29, 190, 335, 1991-07-21, 16),
('Phil', 'Haynes', 5, 29, 193, 322, 1995-10-19, 32),
('Austin', 'Blythe', 5, 29, 188, 280, 1992-06-16, 25),
('Robert', 'Hainsey', 5, 30, 193, 306, 1998-08-12, 61),
('Josh', 'Wells', 5, 30, 198, 306, 1991-02-14, 157),
('Tristan', 'Wirfs', 5, 30, 196, 320, 1999-01-24, 25),
('Brandon', 'Walton', 5, 30, 196, 300, 1998-03-18, 96),
('Donovan', 'Smith', 5, 30, 198, 338, 1993-06-23, 66),
('Shaq', 'Mason', 5, 30, 185, 310, 1993-08-28, 110),
('Nick', 'Leverett', 5, 30, 193, 310, 1997-01-11, 158),
('Luke', 'Goedeke', 5, 30, 196, 295, 1998-11-21, 17),
('Dillon', 'Radunz', 5, 31, 198, 301, 1998-03-28, 47),
('Nicholas', 'Petit-Frere', 5, 31, 196, 315, 1999-09-15, 10),
('Corey', 'Levin', 5, 31, 193, 307, 1994-08-12, 150),
('Dennis', 'Daley', 5, 31, 198, 325, 1996-08-07, 54),
('Aaron', 'Brewer', 5, 31, 185, 274, 1997-10-28, 147),
('Le''Raven', 'Clark', 5, 31, 196, 319, 1993-04-22, 26),
('Nate', 'Davis', 5, 31, 190, 316, 1996-09-23, 159),
('Ben', 'Jones', 5, 31, 190, 308, 1989-07-02, 31),
('Saahdiq', 'Charles', 5, 32, 193, 322, 1999-07-26, 12),
('Cornelius', 'Lucas', 5, 32, 203, 327, 1991-07-18, 92),
('Charles', 'Leno Jr.', 5, 32, 190, 302, 1991-10-09, 18),
('Samuel', 'Cosmi', 5, 32, 198, 309, 1999-02-16, 2),
('Trai', 'Turner', 5, 32, 190, 315, 1993-06-14, 12),
('Andrew', 'Norwell', 5, 32, 198, 325, 1991-10-25, 10),
('Tyler', 'Larsen', 5, 32, 193, 335, 1991-07-08, 21),
('Leki', 'Fotu', 6, 1, 196, 330, 1998-08-23, 6),
('Jonathan', 'Ledbetter', 6, 1, 193, 280, 1997-09-12, 31),
('Michael', 'Dogbe', 6, 1, 190, 295, 1996-05-05, 51),
('Zach', 'Allen', 6, 1, 193, 281, 1997-08-20, 24),
('Timmy', 'Horne', 6, 2, 193, 323, 1997-10-25, 92),
('Ta''Quon', 'Graham', 6, 2, 193, 294, 1998-12-01, 2),
('Abdullah', 'Anderson', 6, 2, 190, 297, 1996-01-24, 160),
('Grady', 'Jarrett', 6, 2, 183, 305, 1993-04-28, 14),
('Brent', 'Urban', 6, 3, 201, 295, 1991-05-05, 55),
('Calais', 'Campbell', 6, 3, 203, 300, 1986-09-01, 72),
('Broderick', 'Washington Jr.', 6, 3, 190, 304, 1996-12-04, 26),
('Justin', 'Madubuike', 6, 3, 190, 293, 1997-11-17, 23),
('Travis', 'Jones', 6, 3, 196, 333, 1999-10-15, 152),
('Gregoy', 'Rousseau', 6, 4, 198, 266, 2000-04-05, 72),
('Shaq', 'Lawson', 6, 4, 190, 270, 1994-06-17, 14),
('A.J.', 'Epenesa', 6, 4, 198, 260, 1998-09-15, 25),
('Boogie', 'Bashamn', 6, 4, 190, 281, 1997-12-16, 32),
('Tim', 'Settle', 6, 4, 190, 308, 1997-07-11, 40),
('Jordan', 'Phillips', 6, 4, 198, 341, 1992-09-21, 1),
('Ed', 'Oliver', 6, 4, 185, 287, 1997-12-12, 8),
('DaQuan', 'Jones', 6, 4, 193, 320, 1991-12-27, 66),
('Marquis', 'Haynes', 6, 5, 188, 235, 1993-12-16, 89),
('Yetur', 'Gross-Matos', 6, 5, 196, 265, 1998-02-26, 66),
('Brian', 'Burns', 6, 5, 196, 250, 1998-04-23, 37),
('Henry', 'Anderson', 6, 5, 198, 300, 1991-08-03, 22),
('Bravvion', 'Roy', 6, 5, 185, 330, 1996-10-18, 86),
('Marquan', 'McCall', 6, 5, 190, 379, 1999-03-26, 69),
('Matthew', 'Ioannidis', 6, 5, 190, 310, 1994-01-11, 51),
('Derrick', 'Brown', 6, 5, 196, 320, 1998-04-15, 29),
('Dominique', 'Robinson', 6, 6, 193, 249, 1998-07-02, 72),
('Mike', 'Pennel', 6, 6, 193, 330, 1991-05-09, 161),
('Al-Quadin', 'Muhammad', 6, 6, 193, 250, 1995-03-28, 72),
('Justin', 'Jones', 6, 6, 190, 309, 1996-08-28, 15),
('Trevis', 'Gipson', 6, 6, 193, 263, 1997-06-13, 138),
('Angelo', 'Blackson', 6, 6, 193, 315, 1992-11-14, 29),
('Armon', 'Watts', 6, 6, 196, 307, 1996-07-22, 13),
('Cameron', 'Sample', 6, 7, 190, 274, 1999-09-20, 63),
('Joseph', 'Ossai', 6, 7, 193, 253, 2000-04-13, 2),
('Sam', 'Hubbard', 6, 7, 196, 265, 1995-06-29, 10),
('Trey', 'Hendrickson', 6, 7, 193, 270, 1994-12-05, 96),
('Jeff', 'Gunter', 6, 7, 193, 263, 1999-05-31, 115),
('Josh', 'Tupou', 6, 7, 190, 345, 1994-05-02, 60),
('D.J.', 'Reader', 6, 7, 190, 347, 1994-07-01, 14),
('B.J.', 'Hill', 6, 7, 190, 303, 1995-04-20, 15),
('Zachary', 'Carter', 6, 7, 193, 277, 1999-04-07, 57),
('Alex', 'Wright', 6, 8, 201, 270, 2000-09-05, 162),
('Chase', 'Winovich', 6, 8, 190, 250, 1995-04-19, 27),
('Isaiah', 'Thomas', 6, 8, 196, 266, 1998-12-03, 1),
('Myles', 'Garrett', 6, 8, 193, 272, 1995-12-29, 23),
('Jadeveon', 'Clowney', 6, 8, 196, 255, 1993-02-14, 54),
('Perrion', 'Winfrey', 6, 8, 193, 292, 2000-08-15, 1),
('Tommy', 'Togiai', 6, 8, 188, 296, 1999-09-19, 10),
('Jordan', 'Elliot', 6, 8, 193, 303, 1997-11-23, 30),
('Taven', 'Bryan', 6, 8, 196, 291, 1996-03-11, 57),
('Sam', 'Williams', 6, 9, 193, 265, 1999-03-31, 89),
('Carlos', 'Watkins', 6, 9, 190, 305, 1993-12-05, 14),
('DeMarcus', 'Lawrence', 6, 9, 190, 265, 1992-04-28, 18),
('Chauncey', 'Golston', 6, 9, 196, 268, 1998-02-10, 25),
('Dante', 'Fowler', 6, 9, 190, 255, 1994-08-03, 57),
('Dorance', 'Armstrong Jr.', 6, 9, 193, 255, 1997-06-10, 91),
('Osa', 'Odighizuwa', 6, 9, 188, 280, 1998-08-13, 142),
('Neville', 'Gallimore', 6, 9, 188, 302, 1997-01-17, 1),
('Quinton', 'Bohanna', 6, 9, 193, 360, 1999-03-16, 69),
('DeShawn', 'Williams', 6, 10, 185, 292, 1992-12-29, 14),
('Eyioma', 'Uwazurike', 6, 10, 198, 310, 1998-05-06, 46),
('Mike', 'Purcell', 6, 10, 190, 328, 1991-04-20, 7),
('Jonathan', 'Harris', 6, 10, 196, 295, 1996-08-04, 163),
('Dre''Mont', 'Jones', 6, 10, 190, 281, 1997-01-05, 10),
('Matt', 'Henningsen', 6, 10, 190, 291, 1999-05-01, 101),
('DJ', 'Jones', 6, 10, 183, 305, 1995-01-19, 89),
('Josh', 'Paschal', 6, 11, 190, 278, 1999-12-17, 69),
('Alim', 'McNeill', 6, 11, 188, 330, 2000-05-11, 15),
('Benito', 'Jones', 6, 11, 185, 329, 1997-11-27, 89),
('Aidan', 'Hutchinson', 6, 11, 201, 265, 2000-08-09, 27),
('John', 'Cominsky', 6, 11, 196, 285, 1995-11-22, 164),
('Isaiah', 'Buggs', 6, 11, 190, 295, 1996-08-24, 33),
('Austin', 'Bryant', 6, 11, 196, 260, 1996-11-12, 14),
('Dean', 'Lowry', 6, 12, 198, 296, 1994-06-09, 11),
('Devonte', 'Wyatt', 6, 12, 190, 315, 1998-03-31, 31),
('Tedarrell', 'Slaton', 6, 12, 193, 330, 1997-10-03, 57),
('Kenny', 'Clark', 6, 12, 190, 314, 1995-10-04, 142),
('Jarran', 'Reed', 6, 12, 190, 313, 1992-12-16, 33),
('Ogbonnia', 'Okoronkwo', 6, 13, 185, 253, 1995-04-24, 1),
('Roy', 'Lopez', 6, 13, 188, 318, 1997-08-07, 62),
('Jerry', 'Hughes', 6, 13, 188, 254, 1988-08-13, 38),
('Kurt', 'Hinish', 6, 13, 185, 296, 1999-04-27, 61),
('Jonathan', 'Greenard', 6, 13, 190, 263, 1997-05-25, 57),
('Rasheem', 'Green', 6, 13, 193, 279, 1997-05-15, 9),
('Maliek', 'Collins', 6, 13, 188, 310, 1995-04-08, 129),
('Thomas', 'Booker', 6, 13, 193, 310, 1999-11-11, 22),
('Mario', 'Addison', 6, 13, 190, 260, 1987-09-06, 165),
('Yannick', 'Ngakoue', 6, 14, 188, 246, 1995-03-31, 59),
('Kwity', 'Paye', 6, 14, 188, 261, 1998-11-19, 27),
('Dayo', 'Odeyingbo', 6, 14, 198, 276, 1999-09-24, 84),
('Ben', 'Banogu', 6, 14, 190, 252, 1996-01-19, 38),
('Grover', 'Stewart', 6, 14, 193, 315, 1993-10-20, 166),
('Eric', 'Johnson', 6, 14, 196, 298, 1998-07-16, 167),
('Byron', 'Cowart', 6, 14, 190, 300, 1996-05-20, 59),
('DeForest', 'Buckner', 6, 14, 201, 295, 1994-03-17, 3),
('Dawuane', 'Smoot', 6, 15, 190, 264, 1995-03-02, 137),
('Roy', 'Robertson-Harris', 6, 15, 196, 298, 1993-07-23, 100),
('Corey', 'Peters', 6, 15, 190, 335, 1988-06-08, 69),
('Adam', 'Gotsis', 6, 15, 193, 287, 1992-09-23, 110),
('Folorunso', 'Fatuksai', 6, 15, 193, 318, 1995-03-04, 152),
('DaVon', 'Hamilton', 6, 15, 193, 320, 1997-02-01, 10),
('George', 'Karlaftis III', 6, 16, 193, 275, 2001-04-03, 50),
('Carlos', 'Dunlap', 6, 16, 198, 285, 1989-02-28, 57),
('Michael', 'Danna', 6, 16, 188, 255, 1997-12-04, 27),
('Frank', 'Clark', 6, 16, 190, 261, 1993-06-14, 27),
('Khalen', 'Saunders', 6, 16, 183, 324, 1996-08-09, 168),
('Derrick', 'Nnadi', 6, 16, 185, 317, 1996-05-09, 37),
('Chris', 'Jones', 6, 16, 198, 298, 1994-07-03, 16),
('Jerry', 'Tillery', 6, 17, 198, 295, 1996-10-08, 61),
('Malcolm', 'Koonce', 6, 17, 188, 250, 1998-06-06, 141),
('Chandler', 'Jones', 6, 17, 196, 265, 1990-02-27, 169),
('Clelin', 'Ferrell', 6, 17, 193, 265, 1997-05-17, 14),
('Maxx', 'Crosby', 6, 17, 196, 255, 1997-08-22, 144),
('Kendal', 'Vickers', 6, 17, 190, 295, 1995-05-23, 80),
('Kyle', 'Peko', 6, 17, 185, 305, 1993-07-23, 70),
('Bilal', 'Nichols', 6, 17, 190, 302, 1996-09-14, 170),
('Neil', 'Farrell', 6, 17, 193, 319, 1998-09-09, 12),
('Andrew', 'Billings', 6, 17, 185, 328, 1995-03-06, 86),
('Morgan', 'Fox', 6, 18, 190, 260, 1994-09-12, 161),
('Breiden', 'Fehoko', 6, 18, 188, 295, 1996-10-15, 12),
('Sebastian', 'Joseph-Day', 6, 18, 193, 310, 1995-03-21, 103),
('Austin', 'Johnson', 6, 18, 193, 314, 1994-05-09, 66),
('Jonah', 'Williams', 6, 19, 196, 275, 1995-08-17, 87),
('A''Shawn', 'Robinson', 6, 19, 193, 330, 1995-03-21, 33),
('Michael', 'Hoecht', 6, 19, 193, 310, 1997-10-05, 171),
('Greg', 'Gaines', 6, 19, 185, 312, 1996-05-06, 71),
('Aaron', 'Donald', 6, 19, 185, 280, 1991-05-23, 43),
('Marquise', 'Copeland', 6, 19, 188, 285, 1997-05-09, 4),
('Bobby', 'Brown', 6, 19, 193, 235, 2000-08-07, 23),
('Emmanuel', 'Ogbah', 6, 20, 193, 275, 1993-11-06, 95),
('Christian', 'Wilkins', 6, 20, 193, 310, 1995-12-20, 14),
('Zach', 'Sieler', 6, 20, 198, 297, 1995-12-07, 172),
('John', 'Jenkins', 6, 20, 190, 335, 1989-07-11, 31),
('Raekwon', 'Davis', 6, 20, 201, 330, 1997-06-10, 33),
('Khyiris', 'Tonga', 6, 21, 193, 338, 1996-07-07, 41),
('Dalvin', 'Tomlinson', 6, 21, 190, 325, 1994-02-28, 33),
('Harrison', 'Phillips', 6, 21, 190, 307, 1996-01-25, 22),
('James', 'Lynch', 6, 21, 193, 295, 1999-01-20, 86),
('Jonathan', 'Bullard', 6, 21, 190, 290, 1993-10-22, 57),
('Ross', 'Blacklock', 6, 21, 190, 290, 1998-07-09, 38),
('Deatrich', 'Wsie Jr.', 6, 22, 196, 275, 1994-07-26, 13),
('DaMarcus', 'Mitchell', 6, 22, 190, 260, 1998-12-13, 52),
('Lawrence', 'Guy', 6, 22, 193, 315, 1990-03-17, 53),
('Carl', 'Davis', 6, 22, 196, 320, 1992-03-02, 25),
('Christian', 'Barmore', 6, 22, 193, 310, 1999-07-28, 33),
('Davon', 'Godchaux', 6, 22, 190, 311, 1994-11-11, 12),
('Daniel', 'Ekuale', 6, 22, 190, 300, 1994-01-13, 42),
('Payton', 'Turner', 6, 23, 198, 270, 1998-01-07, 8),
('Tanoh', 'Kpassagnon', 6, 23, 201, 289, 1994-06-14, 173),
('Cameron', 'Jordan', 6, 23, 193, 287, 1989-07-10, 19),
('Carl', 'Granderson', 6, 23, 196, 261, 1996-12-18, 7),
('Marcus', 'Davenport', 6, 23, 198, 265, 1996-09-04, 156),
('Shy', 'Tuttle', 6, 23, 190, 300, 1995-10-20, 80),
('Kentavius', 'Street', 6, 23, 188, 287, 1996-05-08, 15),
('Malcolm', 'Roach', 6, 23, 190, 290, 1998-06-09, 2),
('David', 'Onyemata', 6, 23, 193, 300, 1992-11-13, 174),
('Nick', 'Williams', 6, 24, 193, 310, 1990-02-21, 175),
('Leonard', 'Williams', 6, 24, 196, 302, 1994-06-20, 9),
('Henry', 'Mondeaux', 6, 24, 193, 280, 1995-09-19, 3),
('Dexter', 'Lawrence', 6, 24, 193, 342, 1997-11-12, 14),
('Justin', 'Ellis', 6, 24, 188, 350, 1990-12-27, 108),
('Bryce', 'Huff', 6, 25, 190, 255, 1998-04-17, 97),
('Solomon', 'Thomas', 6, 25, 190, 280, 1995-08-26, 22),
('Jacob', 'Martin', 6, 25, 188, 242, 1995-12-11, 51),
('Carl', 'Lawson', 6, 25, 188, 265, 1995-06-29, 29),
('Jermaine', 'Johnson II', 6, 25, 196, 260, 1999-01-08, 37),
('Vinny', 'Curry', 6, 25, 190, 279, 1988-06-30, 139),
('Quinnen', 'Williams', 6, 25, 190, 303, 1997-12-05, 33),
('Nathan', 'Shepherd', 6, 25, 193, 315, 1993-10-09, 176),
('Sheldon', 'Rankins', 6, 25, 188, 305, 1994-04-02, 5),
('John', 'Franklin-Myers', 6, 25, 193, 288, 1996-09-26, 177),
('Michael', 'Clemons', 6, 25, 196, 270, 1997-08-21, 23),
('Josh', 'Sweat', 6, 26, 196, 265, 1997-03-29, 37),
('Brandon', 'Graham', 6, 26, 188, 265, 1988-04-03, 27),
('Milton', 'Williams', 6, 26, 190, 290, 1999-04-06, 108),
('Marlon', 'Tuipulotu', 6, 26, 188, 307, 1999-05-31, 9),
('Ndamukong', 'Suh', 6, 26, 193, 313, 1987-01-06, 129),
('Linval', 'Joseph', 6, 26, 193, 329, 1988-10-10, 74),
('Javon', 'Hargrave', 6, 26, 188, 305, 1993-02-07, 178),
('Jordan', 'Davis', 6, 26, 198, 340, 2000-01-12, 31),
('Fletcher', 'Cox', 6, 26, 193, 310, 1990-12-13, 16),
('Isaiahh', 'Loudermilk', 6, 27, 201, 249, 1997-10-10, 101),
('DeMarvin', 'Leal', 6, 27, 193, 290, 2000-07-01, 23),
('Tyson', 'Alualu', 6, 27, 190, 304, 1987-05-12, 19),
('Chris', 'Wormley', 6, 27, 196, 300, 1993-10-25, 27),
('Larry', 'Ogunjobi', 6, 27, 193, 305, 1994-06-03, 159),
('Cameron', 'Heyward', 6, 27, 196, 295, 1989-05-06, 10),
('Montravius', 'Adams', 6, 27, 190, 304, 1995-07-24, 29),
('Arik', 'Armstead', 6, 28, 201, 290, 1993-11-15, 3),
('Jordan', 'Willis', 6, 28, 193, 270, 1995-05-02, 92),
('Charles', 'Omenihu', 6, 28, 196, 280, 1997-08-20, 2),
('Drake', 'Jackson', 6, 28, 193, 250, 2001-04-12, 9),
('Kerry', 'Hyder', 6, 28, 188, 276, 1991-05-02, 26),
('Samson', 'Ebukam', 6, 28, 190, 245, 1995-05-09, 82),
('Nick', 'Bosa', 6, 28, 193, 266, 1997-10-23, 10),
('Hassan', 'Ridgeway', 6, 28, 190, 305, 1994-11-02, 2),
('T.Y.', 'McGill', 6, 28, 183, 299, 1992-11-23, 15),
('Kevin', 'Givens', 6, 28, 185, 285, 1997-03-01, 66),
('Quinton', 'Jefferson', 6, 29, 193, 291, 1993-03-31, 59),
('Shelby', 'Harris', 6, 29, 188, 290, 1991-08-11, 102),
('L.J.', 'Collier', 6, 29, 188, 291, 1995-09-12, 38),
('Al', 'Woods', 6, 29, 193, 330, 1987-03-25, 12),
('Bryan', 'Mone', 6, 29, 190, 345, 1995-10-20, 27),
('Poona', 'Ford', 6, 29, 180, 310, 1995-11-19, 2),
('Myles', 'Adams', 6, 29, 188, 285, 1998-03-09, 158),
('Vita', 'Vea', 6, 30, 193, 347, 1995-02-05, 71),
('Pat', 'O''Connor', 6, 30, 193, 270, 1993-11-01, 144),
('Rakeem', 'Nunez-Roches', 6, 30, 188, 307, 1993-07-03, 35),
('Akiem', 'Hicks', 6, 30, 193, 335, 1989-11-16, 179),
('Logan', 'Hall', 6, 30, 198, 260, 2000-04-22, 8),
('William', 'Gholston', 6, 30, 198, 281, 1991-07-31, 34),
('Deadrin', 'Senat', 6, 30, 185, 305, 1994-07-22, 76),
('DeMarcus', 'Walker', 6, 31, 193, 280, 1994-09-30, 37),
('Denico', 'Autry', 6, 31, 196, 285, 1990-07-15, 16),
('Kevin', 'Strong', 6, 31, 193, 295, 1996-08-05, 156),
('Mario', 'Edwards', 6, 31, 190, 280, 1994-01-25, 37),
('Teair', 'Tart', 6, 31, 188, 304, 1997-02-28, 126),
('Jeffery', 'Simmons', 6, 31, 193, 305, 1997-07-28, 16),
('Naquan', 'Jones', 6, 31, 193, 338, 1998-02-05, 34),
('Casey', 'Toohill', 6, 32, 196, 254, 1996-08-22, 22),
('Shaka', 'Toney', 6, 32, 188, 238, 1998-01-07, 66),
('Montez', 'Sweat', 6, 32, 198, 262, 1996-09-04, 16),
('James', 'Smith-Williams', 6, 32, 193, 265, 1997-06-30, 15),
('Efe', 'Obada', 6, 32, 198, 265, 1992-04-13, 153),
('Daniel', 'Wise', 6, 32, 190, 279, 1996-01-16, 91),
('John', 'Ridgeway', 6, 32, 198, 320, 1999-05-07, 13),
('Daron', 'Payne', 6, 32, 190, 320, 1997-05-27, 33),
('Jonathan', 'Allen', 6, 32, 190, 300, 1995-01-16, 33),
('Cameron', 'Thomas', 7, 1, 196, 270, 2000-01-07, 111),
('Myjai', 'Sanders', 7, 1, 196, 255, 1998-07-12, 4),
('Markus', 'Golden', 7, 1, 190, 260, 1991-03-13, 30),
('Dennis', 'Gardeck', 7, 1, 183, 232, 1994-08-09, 145),
('Victor', 'Dimukeje', 7, 1, 188, 265, 1999-11-18, 39),
('Tanner', 'Vallejo', 7, 1, 185, 230, 1994-12-16, 18),
('Zeke', 'Turner', 7, 1, 188, 214, 1996-06-09, 71),
('Isaiah', 'Simmons', 7, 1, 193, 238, 1998-07-26, 14),
('Ben', 'Niemann', 7, 1, 188, 233, 1995-07-27, 25),
('Kamu', 'Grugier-Hill', 7, 1, 188, 230, 1994-05-16, 45),
('Zaven', 'Collins', 7, 1, 193, 260, 1999-05-19, 138),
('Adetokunbo', 'Ogundeji', 7, 2, 193, 268, 1998-10-09, 61),
('DeAngelo', 'Malone', 7, 2, 193, 240, 1999-07-12, 125),
('Arnold', 'Ebiketie', 7, 2, 190, 256, 1999-01-23, 66),
('Lorenzo', 'Carter', 7, 2, 196, 255, 1995-12-10, 31),
('Mykal', 'Walker', 7, 2, 190, 230, 1997-08-28, 28),
('Nick', 'Kwiatkoski', 7, 2, 188, 242, 1993-05-26, 48),
('Rashaan', 'Evans', 7, 2, 188, 232, 1995-11-08, 33),
('Troy', 'Andersen', 7, 2, 193, 235, 1999-04-23, 151),
('Jason', 'Pierre-Paul', 7, 3, 196, 275, 1989-01-01, 76),
('Odafe', 'Oweh', 7, 3, 196, 251, 1998-12-15, 66),
('Justin', 'Houston', 7, 3, 190, 270, 1989-01-21, 31),
('Tyus', 'Bowser', 7, 3, 190, 242, 1995-05-23, 8),
('Kristian', 'Welch', 7, 3, 190, 240, 1998-05-24, 25),
('Roquan', 'Smith', 7, 3, 185, 232, 1997-04-08, 31),
('Patrick', 'Queen', 7, 3, 183, 232, 1999-08-13, 12),
('Del''Shawn', 'Phillips', 7, 3, 188, 230, 1996-10-09, 137),
('Malik', 'Harrison', 7, 3, 190, 247, 1998-03-05, 10),
('Von', 'Miller', 7, 4, 190, 250, 1989-03-26, 23),
('Matt', 'Milano', 7, 4, 183, 223, 1994-07-28, 24),
('Tyler', 'Matakevich', 7, 4, 185, 235, 1992-12-22, 51),
('Tremaine', 'Edmunds', 7, 4, 196, 250, 1998-05-02, 40),
('Tyrel', 'Dodson', 7, 4, 183, 237, 1998-06-25, 23),
('Terrel', 'Bernard', 7, 4, 185, 222, 1999-05-07, 86),
('Chandler', 'Wooten', 7, 5, 190, 232, 1999-04-25, 29),
('Damien', 'Wilson', 7, 5, 183, 243, 1993-05-28, 56),
('Shaq', 'Thompson', 7, 5, 183, 230, 1994-04-21, 71),
('Brandon', 'Smith', 7, 5, 190, 241, 2001-04-12, 66),
('Frankie', 'Luvu', 7, 5, 190, 235, 1996-09-19, 42),
('Cory', 'Littleton', 7, 5, 190, 228, 1993-11-18, 71),
('Sterling', 'Weatherford', 7, 6, 193, 221, 1999-01-26, 180),
('Joe', 'Thomas', 7, 6, 185, 233, 1991-05-06, 178),
('Jack', 'Sanborn', 7, 6, 188, 236, 2000-07-29, 101),
('Nicholas', 'Morrow', 7, 6, 183, 225, 1995-07-10, 181),
('Matthew', 'Adams', 7, 6, 183, 229, 1995-12-12, 8),
('Logan', 'Wilson', 7, 7, 188, 241, 1996-07-08, 7),
('Germaine', 'Pratt', 7, 7, 188, 245, 1996-05-21, 15),
('Clay', 'Johnston', 7, 7, 185, 225, 1996-08-08, 86),
('Akeem', 'Davis-Gaither', 7, 7, 188, 215, 1997-09-21, 131),
('Markus', 'Bailey', 7, 7, 183, 235, 1997-03-07, 52),
('Joe', 'Bachie', 7, 7, 188, 235, 1998-02-26, 34),
('Deion', 'Jones', 7, 8, 185, 227, 1994-11-04, 12),
('Sione', 'Takitaki', 7, 8, 185, 238, 1995-06-08, 41),
('Jeremiah', 'Owusu-Koramoah', 7, 8, 188, 221, 1999-11-04, 61),
('Jordan', 'Kunaszyk', 7, 8, 190, 235, 1996-10-15, 19),
('Tony', 'Fields', 7, 8, 183, 222, 1999-06-18, 48),
('Leighton', 'Vander Esch', 7, 9, 193, 256, 1996-02-08, 18),
('Micah', 'Parsons', 7, 9, 190, 245, 1999-05-26, 66),
('Luke', 'Gifford', 7, 9, 190, 243, 1995-08-28, 129),
('Jabril', 'Cox', 7, 9, 190, 233, 1998-04-16, 12),
('Damone', 'Clark', 7, 9, 190, 245, 2000-06-28, 12),
('Anthony', 'Barr', 7, 9, 196, 257, 1992-03-18, 142),
('Jonathon', 'Cooper', 7, 10, 190, 254, 1998-01-08, 10),
('Bradley', 'Chubb', 7, 10, 193, 275, 1996-06-24, 15),
('Baron', 'Browning', 7, 10, 190, 240, 1999-02-19, 10),
('Nik', 'Bonitto', 7, 10, 190, 240, 1999-09-26, 1),
('Justin', 'Strnad', 7, 10, 190, 238, 1996-08-21, 32),
('Alex', 'Singleton', 7, 10, 188, 240, 1993-12-07, 151),
('Josey', 'Jewell', 7, 10, 185, 236, 1994-12-25, 25),
('Jonas', 'Griffith', 7, 10, 193, 250, 1997-01-27, 119),
('Josh', 'Woods', 7, 11, 185, 236, 1996-07-01, 59),
('Malcolm', 'Rodriguez', 7, 11, 180, 225, 1999-03-29, 95),
('Anthony', 'Pittman', 7, 11, 190, 240, 1996-11-24, 182),
('Julian', 'Okwara', 7, 11, 193, 245, 1997-12-27, 61),
('Chris', 'Board', 7, 11, 188, 229, 1995-07-23, 47),
('Derrick', 'Barnes', 7, 11, 183, 238, 1999-05-29, 52),
('Alex', 'Anzalone', 7, 11, 190, 237, 1994-09-22, 57),
('Eric', 'Wilson', 7, 12, 185, 230, 1994-09-26, 4),
('Quay', 'Walker', 7, 12, 193, 240, 2000-05-08, 31),
('Preston', 'Smith', 7, 12, 196, 265, 1992-11-17, 16),
('Isaiah', 'McDuffie', 7, 12, 185, 227, 1999-07-21, 24),
('Rashan', 'Gary', 7, 12, 196, 277, 1997-12-03, 27),
('Jonathan', 'Garvin', 7, 12, 193, 257, 1999-07-28, 72),
('Kingsley', 'Enagbare', 7, 12, 193, 265, 2000-01-18, 54),
('De''Vondre', 'Campbell', 7, 12, 190, 232, 1993-07-01, 56),
('Garret', 'Wallow', 7, 13, 188, 230, 1999-01-25, 38),
('Jalen', 'Reeves-Maybin', 7, 13, 185, 230, 1995-01-31, 80),
('Christian', 'Kirksey', 7, 13, 188, 235, 1992-08-31, 25),
('Neville', 'Hewitt', 7, 13, 188, 234, 1993-04-06, 139),
('Christian', 'Harris', 7, 13, 188, 232, 2001-01-16, 33),
('Jake', 'Hansen', 7, 13, 185, 230, 1998-06-19, 137),
('Blake', 'Cashman', 7, 13, 185, 237, 1996-05-10, 56),
('Grant', 'Stuard', 7, 14, 180, 230, 1998-10-15, 8),
('E.J.', 'Speed', 7, 14, 190, 224, 1995-06-01, 183),
('Bobby', 'Okereke', 7, 14, 185, 235, 1996-07-29, 22),
('Zaire', 'Franklin', 7, 14, 183, 235, 1996-07-02, 169),
('JoJo', 'Domann', 7, 14, 185, 230, 1997-07-28, 129),
('Travon', 'Walker', 7, 15, 196, 275, 2000-12-18, 31),
('Arden', 'Key', 7, 15, 196, 240, 1996-05-03, 12),
('K''Lavon', 'Chaisson', 7, 15, 190, 254, 1999-07-25, 12),
('Josh', 'Allen', 7, 15, 196, 262, 1997-07-13, 69),
('Shaquille', 'Quarterman', 7, 15, 183, 234, 1997-10-28, 72),
('Foyesade', 'Oluokun', 7, 15, 188, 215, 1995-08-02, 134),
('Chad', 'Muma', 7, 15, 190, 242, 1999-08-18, 7),
('Devin', 'Lloyd', 7, 15, 190, 235, 1998-09-30, 6),
('Caleb', 'Johnson', 7, 15, 188, 227, 1998-07-28, 184),
('Darius', 'Harris', 7, 16, 188, 238, 1996-01-17, 88),
('Willie', 'Gay Jr.', 7, 16, 188, 235, 1998-02-15, 16),
('Jack', 'Cochrane', 7, 16, 190, 230, 1999-02-09, 185),
('Leo', 'Chenal', 7, 16, 188, 255, 2000-10-26, 101),
('Nick', 'Bolton', 7, 16, 183, 237, 2000-03-10, 30),
('Denzel', 'Perryman', 7, 17, 180, 240, 1992-12-05, 72),
('Luke', 'Masterson', 7, 17, 185, 234, 1998-01-07, 32),
('Divine', 'Deablo', 7, 17, 190, 226, 1998-08-17, 40),
('Darien', 'Butler', 7, 17, 183, 230, 2000-02-29, 53),
('Jayon', 'Brown', 7, 17, 183, 226, 1995-02-26, 142),
('Curtis', 'Bolton', 7, 17, 183, 228, 1995-12-18, 1),
('Kyle', 'Van Noy', 7, 18, 190, 250, 1991-03-26, 41),
('Derrek', 'Tuszka', 7, 18, 193, 251, 1996-07-11, 47),
('Chris', 'Rumph', 7, 18, 188, 244, 1998-10-19, 39),
('Khalil', 'Mack', 7, 18, 190, 267, 1991-02-22, 141),
('Drue', 'Tranquill', 7, 18, 188, 234, 1995-08-15, 61),
('Troy', 'Reeder', 7, 18, 190, 245, 1994-09-13, 170),
('Amen', 'Ogbongbemiga', 7, 18, 183, 231, 1998-09-04, 95),
('Nick', 'Niemann', 7, 18, 190, 244, 1997-12-02, 25),
('Kenneth', 'Murray', 7, 18, 188, 241, 1998-11-16, 1),
('Keir', 'Thomas', 7, 19, 188, 275, 1998-01-25, 37),
('Terrell', 'Lewis', 7, 6, 196, 262, 1998-08-25, 33),
('Bobby', 'Wagner', 7, 19, 193, 242, 1990-06-27, 21),
('Christian', 'Rozeboom', 7, 19, 188, 230, 1997-01-30, 107),
('Ernest', 'Jones', 7, 19, 188, 230, 1999-11-22, 54),
('Justin', 'Hollins', 7, 12, 196, 248, 1996-01-15, 3),
('Jake', 'Gervase', 7, 19, 185, 212, 1995-09-18, 25),
('Leonard', 'Floyd', 7, 19, 196, 240, 1992-09-08, 31),
('Andrew', 'Van Ginkel', 7, 20, 193, 242, 1995-01-01, 101),
('Channing', 'Tindall', 7, 20, 188, 230, 2000-03-28, 31),
('Elandon', 'Roberts', 7, 20, 185, 238, 1994-04-22, 8),
('Duke', 'Riley', 7, 20, 185, 230, 1994-08-09, 12),
('Jaelan', 'Phillips', 7, 20, 196, 266, 1999-05-28, 72),
('Melvin', 'Ingram', 7, 20, 188, 247, 1989-04-26, 54),
('Samuel', 'Eguavoen', 7, 20, 185, 236, 1993-02-22, 26),
('Bradley', 'Chubb', 7, 20, 193, 275, 1996-06-24, 15),
('D.J.', 'Wonnum', 7, 21, 196, 258, 1997-10-31, 54),
('Za''Darius', 'Smith', 7, 21, 193, 272, 1992-09-08, 69),
('Patrick', 'Jones II', 7, 21, 193, 264, 1998-09-29, 43),
('Danielle', 'Hunter', 7, 21, 196, 263, 1994-10-29, 12),
('Eric', 'Kendricks', 7, 21, 183, 232, 1992-02-29, 142),
('Jordan', 'Hicks', 7, 21, 185, 236, 1992-06-27, 2),
('Troy', 'Dye', 7, 21, 190, 225, 1996-09-18, 3),
('Mack', 'Wilson', 7, 22, 185, 233, 1998-02-14, 33),
('Jahlani', 'Tavai', 7, 22, 188, 250, 1996-09-28, 186),
('Josh', 'Uche', 7, 22, 190, 245, 1998-09-18, 27),
('Raekwon', 'McMillan', 7, 22, 188, 242, 1995-11-17, 10),
('Matt', 'Judon', 7, 22, 190, 275, 1992-08-15, 187),
('Anfernee', 'Jennings', 7, 22, 190, 259, 1997-05-01, 33),
('Ja''Whaun', 'Bentley', 7, 22, 188, 255, 1996-08-24, 52),
('Olakunle', 'Fatukasi', 7, 22, 188, 240, 1999-06-11, 103),
('Pete', 'Werner', 7, 23, 190, 242, 1999-06-05, 10),
('Chase', 'Hansen', 7, 23, 190, 222, 1993-05-20, 6),
('Kaden', 'Elliss', 7, 23, 190, 238, 1995-07-10, 155),
('Andrew', 'Dowell', 7, 23, 185, 225, 1996-11-16, 34),
('Demario', 'Davis', 7, 23, 188, 248, 1989-01-11, 112),
('Zack', 'Baun', 7, 23, 190, 225, 1996-12-30, 101),
('Oshane', 'Ximines', 7, 24, 193, 254, 1996-12-07, 50),
('Jihad', 'Ward', 7, 24, 196, 287, 1994-05-11, 137),
('Kayvon', 'Thibodeaux',  7, 24, 196, 250, 2000-12-15, 3),
('Tomon', 'Fox', 7, 24, 190, 260, 1998-03-16, 44),
('Jaylon', 'Smith', 7, 24, 188, 245, 1995-06-14, 61),
('Micah', 'McFadden', 7, 24, 188, 232, 2000-01-03, 20),
('Tae', 'Crowder', 7, 27, 190, 235, 1997-03-12, 31),
('Carter', 'Coughlin', 7, 24, 190, 236, 1997-07-21, 56),
('Cam', 'Brown', 7, 24, 196, 233, 1998-04-01, 66),
('Quincy', 'Williams', 7, 25, 180, 225, 1996-08-28, 188),
('Jamien', 'Sherwood', 7, 25, 188, 216, 2000-01-12, 29),
('C.J.', 'Mosley', 7, 25, 188, 250, 1992-06-19, 33),
('Marcell', 'Harris', 7, 25, 183, 215, 1994-06-09, 57),
('Kwon', 'Alexander', 7, 25, 185, 227, 1994-08-03, 12),
('Kyzir', 'White', 7, 26, 188, 216, 1996-03-24, 48),
('Haason', 'Reddick', 7, 26, 185, 235, 1994-09-22, 51),
('Patrick', 'Johnson', 7, 26, 188, 248, 1998-01-10, 63),
('Kyron', 'Johnson', 7, 26, 185, 223, 1998-07-24, 91),
('T.J.', 'Edwards', 7, 26, 185, 242, 1996-08-12, 101),
('Nakobe', 'Dean', 7, 26, 183, 225, 2000-12-13, 31),
('Shaun', 'Bradley', 7, 26, 185, 240, 1997-04-08, 51),
('T.J.', 'Watt', 7, 27, 193, 252, 1994-10-11, 101),
('Robert', 'Spillane', 7, 27, 185, 229, 1995-12-14, 78),
('Malik', 'Reed', 7, 27, 188, 235, 1996-08-05, 68),
('Jamir', 'Jones', 7, 27, 190, 255, 1998-06-14, 61),
('Myles', 'Jack', 7, 27, 185, 244, 1995-09-03, 142),
('Alex', 'Highsmith', 7, 27, 193, 242, 1997-08-07, 159),
('Devin', 'Bush Jr.', 7, 27, 180, 234, 1998-07-18, 27),
('Marcus', 'Allen', 7, 27, 188, 215, 1996-08-07, 66),
('Fred', 'Warner', 7, 28, 190, 230, 1996-11-19, 41),
('Dre', 'Greenlaw', 7, 28, 183, 230, 1997-05-27, 13),
('Demetrius', 'Flannigan-Fowles', 7, 28, 188, 223, 1996-09-04, 62),
('Oren', 'Burks', 7, 28, 190, 233, 1995-03-21, 84),
('Azeez', 'Al-Shaair', 7, 28, 188, 228, 1997-08-04, 96),
('Darrell', 'Taylor', 7, 29, 193, 267, 1997-03-24, 80),
('Uchenna', 'Nwosu', 7, 29, 188, 251, 1996-12-28, 9),
('Tanner', 'Muse', 7, 29, 188, 227, 1996-09-06, 14),
('Boye', 'Mafe', 7, 29, 193, 265, 1998-11-30, 56),
('Bruce', 'Irvin', 7, 29, 190, 250, 1987-11-01, 48),
('Jordyn', 'Brooks', 7, 29, 183, 240, 1997-10-21, 26),
('Nick', 'Bellore', 7, 29, 185, 250, 1989-05-12, 17),
('Cody', 'Barton', 7, 29, 188, 237, 1996-11-13, 6),
('Joe', 'Tryon-Shoyinka', 7, 30, 196, 259, 1999-04-30, 71),
('Anthony', 'Nelson', 7, 30, 201, 271, 1997-03-04, 25),
('Carl', 'Nassib', 7, 30, 201, 275, 1993-04-12, 66),
('Shaquil', 'Barrett', 7, 30, 188, 250, 1992-11-17, 64),
('Genard', 'Avery', 7, 30, 183, 250, 1995-04-26, 97),
('Devin', 'White', 7, 30, 183, 237, 1998-02-17, 12),
('Lavonte', 'David', 7, 30, 185, 233, 1990-01-23, 129),
('K.J.', 'Britt', 7, 30, 183, 235, 1998-09-19, 29),
('Rashad', 'Weaver', 7, 31, 193, 259, 1997-11-10, 43),
('Bud', 'Dupree', 7, 31, 193, 269, 1993-02-12, 69),
('Monty', 'Rice', 7, 31, 183, 233, 1999-01-08, 31),
('David', 'Long', 7, 31, 180, 227, 1996-10-12, 48),
('Joseph', 'Jones', 7, 31, 183, 231, 1994-02-12, 11),
('Dylan', 'Cole', 7, 31, 183, 237, 1994-05-19, 167),
('David', 'Mayo', 7, 32, 188, 240, 1993-08-18, 147),
('Khaleke', 'Hudson', 7, 32, 183, 220, 1997-12-06, 27),
('Milo', 'Eifler', 7, 32, 185, 228, 1998-02-13, 137),
('Jamin', 'Davis', 7, 32, 193, 232, 1998-12-12, 69),
('Jonathan', 'Bostic', 7, 32, 185, 245, 1991-05-05, 57),
('Marco', 'Wilson', 8, 1, 180, 187, 1999-03-03, 57),
('Byron', 'Murphy', 8, 1, 180, 190, 1998-01-18, 71),
('Trayvon', 'Mullen', 8, 1, 188, 200, 1997-09-20, 14),
('Christian', 'Matthew', 8, 1, 193, 200, 1996-10-26, 122),
('Antonio', 'Hamilton', 8, 1, 183, 188, 1993-01-24, 178),
('AJ', 'Terrell', 8, 2, 185, 195, 1998-09-23, 14),
('Isaiah', 'Oliver', 8, 2, 183, 210, 1996-09-30, 60),
('Darren', 'Hall', 8, 2, 183, 190, 2000-05-02, 111),
('Mike', 'Ford', 8, 2, 183, 194, 1995-08-04, 190),
('DeAundre', 'Alford', 8, 2, 180, 175, 1997-11-05, 191),
('Daryl', 'Worley', 8, 3, 185, 215, 1995-02-22, 48),
('Damarion', 'Williams', 8, 3, 178, 178, 1998-07-15, 8),
('Kevon', 'Seymour', 8, 3, 183, 185, 1993-11-30, 9),
('Marcus', 'Peters', 8, 3, 193, 197, 1993-01-09, 71),
('Marlon', 'Humphrey', 8, 3, 183, 197, 1996-07-08, 33),
('Siran', 'Neal', 8, 4, 183, 206, 1994-08-04, 192),
('Cameron', 'Lewis', 8, 4, 175, 185, 1997-04-13, 141),
('Taron', 'Johnson', 8, 4, 180, 192, 1996-07-27, 87),
('Dane', 'Jackson', 8, 4, 180, 180, 1996-11-29, 43),
('Kaiir', 'Elam', 8, 4, 188, 195, 2001-05-05, 57),
('Christian', 'Benford', 8, 4, 185, 205, 2000-09-21, 173),
('Keith', 'Taylor', 8, 5, 190, 185, 1998-11-20, 71),
('Donte', 'Jackson', 8, 5, 178, 180, 1995-11-08, 12),
('Jaycee', 'Horn', 8, 5, 185, 200, 1999-11-26, 54),
('C.J.', 'Henderson', 8, 5, 185, 204, 1998-09-30, 57),
('Kindle', 'Vildor', 8, 6, 180, 189, 1997-12-11, 104),
('Jaylon', 'Jones', 8, 6, 180, 190, 1997-10-14, 89),
('Jaylon', 'Johnson', 8, 6, 183, 196, 1999-04-19, 6),
('Kyler', 'Gordon', 8, 6, 183, 190, 1999-12-17, 71),
('Dane', 'Cruikshank', 8, 6, 185, 209, 1995-04-27, 62),
('Josh', 'Blackwell', 8, 6, 180, 180, 1999-04-05, 39),
('Cam', 'Taylor-Britt', 8, 7, 183, 197, 1999-10-15, 129),
('Mike', 'Hilton', 8, 7, 175, 184, 1994-03-09, 89),
('Tre', 'Flowers', 8, 7, 190, 203, 1995-06-02, 95),
('Jalen', 'Davis', 8, 7, 178, 185, 1996-02-02, 21),
('Chidobe', 'Awuzie', 8, 7, 183, 202, 1995-05-24, 60),
('Eli', 'Apple', 8, 7, 185, 199, 1995-08-09, 10),
('Greedy', 'Williams', 8, 8, 188, 185, 1997-12-03, 12),
('Denzel', 'Ward', 8, 8, 180, 190, 1997-04-28, 10),
('Greg', 'Newsome II', 8, 8, 183, 192, 2000-05-18, 11),
('A.J.', 'Green', 8, 8, 188, 198, 1998-06-09, 95),
('Martin', 'Emerson', 8, 8, 188, 195, 2000-09-27, 16),
('Kelvin', 'Joseph', 8, 9, 185, 192, 2000-11-11, 69),
('C.J.', 'Goodwin', 8, 9, 190, 190, 1990-02-04, 189),
('Trevon', 'Diggs', 8, 9, 188, 195, 1998-09-20, 33),
('Anthony', 'Brown', 8, 9, 180, 196, 1993-12-15, 52),
('DaRon', 'Bland', 8, 9, 188, 200, 1999-07-12, 28),
('K''Waun', 'Williams', 8, 10, 175, 185, 1991-07-12, 43),
('Patrick', 'Surtain', 8, 10, 188, 202, 2000-04-14, 33),
('Darius', 'Phillips', 8, 10, 178, 190, 1995-06-26, 78),
('Damarri', 'Mathis', 8, 10, 180, 195, 1999-04-12, 43),
('Essang', 'Bassey', 8, 10, 178, 190, 1998-08-12, 32),
('Amani', 'Oruwariye', 8, 11, 188, 205, 1996-02-09, 66),
('Jeff', 'Okudah', 8, 11, 185, 202, 1999-02-02, 10),
('Jerry', 'Jacobs', 8, 11, 180, 203, 1997-09-26, 13),
('Mike', 'Hughes', 8, 11, 178, 186, 1997-02-11, 58),
('Will', 'Harris', 8, 11, 185, 206, 1995-12-19, 24),
('Eric', 'Stokes', 8, 12, 193, 194, 1999-03-01, 31),
('Keisean', 'Nixon', 8, 12, 178, 200, 1997-06-22, 54),
('Rasul', 'Douglas', 8, 12, 188, 209, 1994-08-29, 48),
('Corey', 'Ballentine', 8, 12, 183, 191, 1996-04-13, 193),
('Jaire', 'Alexander', 8, 12, 178, 196, 1997-02-09, 5),
('Tavierre', 'Thomas', 8, 13, 178, 205, 1996-03-11, 172),
('Derek', 'Stingley Jr.', 8, 13, 185, 195, 2001-06-20, 12),
('M.J.', 'Stewart', 8, 13, 180, 200, 1995-09-16, 44),
('Tremon', 'Smith', 8, 13, 180, 190, 1996-07-20, 194),
('Steven', 'Nelson', 8, 13, 178, 194, 1993-01-22, 70),
('Eric', 'Murray', 8, 13, 180, 199, 1994-01-07, 56),
('Grayland', 'Arnold', 8, 13, 178, 190, 1997-09-04, 86),
('Isaiah', 'Rodgers', 8, 14, 178, 170, 1998-01-07, 130),
('Kenny', 'Moore', 8, 14, 175, 190, 1995-08-23, 122),
('Stephon', 'Gilmore', 8, 14, 185, 202, 1990-09-19, 54),
('Dallis', 'Flowers', 8, 14, 185, 196, 1997-06-04, 194),
('Brandon', 'Facyson', 8, 14, 188, 197, 1994-09-08, 40),
('Tony', 'Brown', 8, 14, 183, 199, 1995-07-13, 33),
('Darious', 'Williams', 8, 15, 175, 187, 1993-03-15, 162),
('Tre', 'Herndon', 8, 15, 180, 185, 1996-03-05, 84),
('Chris', 'Claybrooks', 8, 15, 175, 179, 1997-07-17, 97),
('Tyson', 'Campbell', 8, 15, 185, 195, 2000-03-17, 31),
('Montaric', 'Brown', 8, 15, 183, 195, 1999-08-24, 13),
('Jaylen', 'Watson', 8, 16, 190, 204, 1998-09-17, 195),
('L''Jarius', 'Sneed', 8, 16, 183, 189, 1997-01-21, 108),
('Trent', 'McDuffie', 8, 16, 180, 195, 2000-09-13, 71),
('Chris', 'Lammons', 8, 7, 178, 182, 1996-01-31, 54),
('Joshua', 'Williams', 8, 16, 190, 197, 1999-10-17, 197),
('Rock', 'Ya-Sin', 8, 17, 183, 190, 1996-05-23, 51),
('Sam', 'Webb', 8, 17, 188, 195, 1998-05-19, 198),
('Amik', 'Robertson', 8, 17, 173, 187, 1998-07-06, 108),
('Nate', 'Hobbs', 8, 17, 183, 195, 1999-06-24, 137),
('Asante', 'Samuel Jr.', 8, 18, 178, 180, 1999-10-03, 37),
('Michael', 'Davis', 8, 18, 188, 196, 1995-01-06, 41),
('Bryce', 'Callahan', 8, 18, 175, 188, 1991-10-23, 158),
('Ja''Sir', 'Taylor', 8, 18, 178, 190, 1999-01-08, 32),
('Deane', 'Leonard', 8, 18, 188, 195, 1999-11-20, 89),
('Derion', 'Kendrick', 8, 19, 183, 190, 2000-08-24, 31),
('Troy', 'Hill', 8, 19, 180, 183, 1991-08-29, 3),
('Nick', 'Scott', 8, 19, 180, 201, 1995-05-17, 66),
('Robert', 'Rochell', 8, 19, 188, 195, 1998-04-26, 194),
('Jalen', 'Ramsey', 8, 19, 185, 208, 1994-10-24, 37),
('David', 'Long', 8, 19, 180, 196, 1998-02-06, 27),
('Cobie', 'Durant', 8, 19, 180, 175, 1998-02-09, 178),
('Kader', 'Kohou', 8, 20, 178, 195, 1998-11-29, 199),
('Noah', 'Igbinoghene', 8, 20, 180, 197, 1999-11-27, 29),
('Xavien', 'Howard', 8, 20, 185, 203, 1993-07-04, 86),
('Justin', 'Bethel', 8, 20, 183, 200, 1990-06-17, 200),
('Keion', 'Crossen', 8, 20, 178, 185, 1996-04-17, 201),
('Elijah', 'Campbell', 8, 20, 180, 190, 1995-08-24, 132),
('Chandon', 'Sullivan', 8, 21, 180, 189, 1996-08-07, 202),
('Duke', 'Shelley', 8, 21, 175, 176, 1996-10-08, 92),
('Patrick', 'Peterson', 8, 21, 185, 198, 1990-07-11, 12),
('Akayleb', 'Evans', 8, 21, 188, 198, 1999-06-22, 30),
('Cameron', 'Dantzler', 8, 21, 188, 190, 1998-09-03, 16),
('Kris', 'Boyd', 8, 21, 180, 195, 1996-09-12, 2),
('Jalen', 'Mills', 8, 22, 183, 191, 1994-04-06, 12),
('Brenden', 'Schooler', 8, 22, 185, 205, 1997-05-30, 2),
('Adrian', 'Phillips', 8, 22, 180, 210, 1992-03-28, 2),
('Devin', 'McCourty', 8, 22, 178, 195, 1987-08-13, 103),
('Marcus', 'Jones', 8, 22, 173, 185, 1998-10-22, 8),
('Jonathan', 'Jones', 8, 22, 178, 190, 1993-09-20, 29),
('Jack', 'Jones', 8, 22, 175, 175, 1997-12-20, 53),
('Myles', 'Bryant', 8, 22, 173, 180, 1998-01-02, 71),
('P.J.', 'Williams', 8, 23, 183, 186, 1993-06-01, 37),
('Alontae', 'Taylor', 8, 23, 183, 193, 1998-12-03, 178),
('Bradley', 'Roby', 8, 23, 180, 194, 1992-05-01, 10),
('Paulson', 'Adebo', 8, 23, 185, 192, 1999-07-03, 22),
('Chris', 'Harris Jr.', 8, 23, 178, 199, 1989-06-18, 91),
('J.T.', 'Gray', 8, 23, 183, 202, 1996-01-18, 16),
('Nick', 'McCloud', 8, 24, 183, 193, 1998-07-09, 61),
('Adoree', 'Jackson', 8, 24, 180, 185, 1995-09-18, 9),
('Darnay', 'Holmes', 8, 24, 178, 195, 1998-06-23, 142),
('Fabian', 'Moreau', 8, 24, 183, 204, 1994-04-09, 142),
('Cordale', 'Flott', 8, 24, 185, 165, 2001-08-24, 12),
('D.J.', 'Reed', 8, 25, 175, 193, 1996-11-11, 92),
('Justin', 'Hardee', 8, 25, 185, 200, 1994-02-07, 137),
('Sauce', 'Gardner', 8, 25, 190, 200, 2000-08-31, 4),
('Brandin', 'Echols', 8, 25, 178, 175, 1997-10-16, 69),
('Michael', 'Carter', 8, 25, 178, 184, 1999-03-08, 39),
('Darius', 'Slay', 8, 26, 183, 190, 1991-01-01, 16),
('Josiah', 'Scott', 8, 26, 178, 175, 1999-04-05, 34),
('Zech', 'McPhearson', 8, 26, 180, 191, 1998-03-21, 26),
('Avonte', 'Maddox', 8, 26, 175, 184, 1996-03-31, 43),
('Josh', 'Jobe', 8, 26, 185, 192, 1998-04-09, 33),
('James', 'Bradberry', 8, 26, 185, 212, 1993-08-04, 175),
('Levi', 'Wallace', 8, 27, 183, 179, 1995-06-12, 33),
('Cameron', 'Sutton', 8, 27, 180, 188, 1995-02-27, 80),
('James', 'Pierre', 8, 27, 188, 185, 1996-09-16, 96),
('Arthur', 'Maulet', 8, 27, 178, 190, 1993-07-13, 97),
('Tre', 'Norwood', 8, 27, 183, 194, 1999-04-19, 1),
('Samuel', 'Womack', 8, 28, 178, 187, 1999-07-07, 90),
('Charvarius', 'Ward', 8, 28, 185, 195, 1996-05-16, 88),
('Ambry', 'Thomas', 8, 28, 183, 190, 1999-09-09, 27),
('Deommodore', 'Lenoir', 8, 28, 178, 200, 1999-10-06, 3),
('Tariq', 'Woolen', 8, 29, 193, 205, 1999-05-02, 156),
('Michael', 'Jackson', 8, 29, 185, 210, 1997-01-10, 72),
('Justin', 'Coleman', 8, 29, 180, 190, 1993-05-27, 80),
('Coby', 'Bryant', 8, 29, 185, 198, 1999-03-29, 4),
('Sean', 'Murphy-Bunting', 8, 30, 183, 195, 1997-06-19, 17),
('Zyon', 'McCollum', 8, 30, 193, 200, 1999-05-03, 203),
('Jamel', 'Dean', 8, 30, 185, 206, 1996-10-15, 29),
('Carlton', 'Davis', 8, 30, 185, 206, 1996-12-31, 29),
('Dee', 'Delaney', 8, 30, 180, 200, 1995-02-20, 72),
('Roger', 'McCreary', 8, 31, 183, 190, 2000-02-10, 29),
('Lonnie', 'Johnson Jr.', 8, 31, 188, 213, 1995-11-04, 69),
('Kristian', 'Fulton', 8, 31, 180, 197, 1998-09-03, 12),
('Caleb', 'Farley', 8, 31, 188, 197, 1998-11-02, 40),
('Tre', 'Avery', 8, 31, 180, 181, 1997-02-26, 103),
('Terrance', 'Mitchell', 8, 31, 180, 191, 1992-05-17, 3),
('Joshua', 'Kalu', 8, 31, 183, 203, 1995-08-28, 129),
('Rachad', 'Wildgoose', 8, 32, 180, 197, 2000-01-01, 101),
('Benjamin', 'St-Juste', 8, 32, 190, 200, 1997-09-08, 56),
('Danny', 'Johnson', 8, 32, 175, 190, 1995-11-17, 204),
('Christian', 'Holmes', 8, 32, 185, 205, 1997-09-14, 95),
('Kendall', 'Fuller', 8, 32, 180, 198, 1995-02-13, 40),
('Chris', 'Banjo', 9, 1, 178, 207, 1990-02-26, 65),
('Budda', 'Baker', 9, 1, 178, 195, 1996-01-10, 71),
('Jalen', 'Thompson', 9, 1, 180, 190, 1998-07-18, 42),
('Jaylinn', 'Hawkins', 9, 2, 185, 208, 1997-08-25, 19),
('Erik', 'Harris', 9, 2, 188, 225, 1990-04-02, 189),
('Richie', 'Grant', 9, 2, 183, 200, 1997-11-09, 58),
('Dean', 'Marlowe', 9, 2, 185, 203, 1992-07-25, 157),
('Cornell', 'Armstrong', 8, 2, 183, 185, 1995-09-22, 35),
('Marcus', 'Williams', 9, 3, 185, 195, 1996-09-08, 6),
('Geno', 'Stone', 9, 3, 178, 209, 1999-04-19, 25),
('Kyle', 'Hamilton', 9, 3, 193, 219, 2001-03-16, 61),
('Chuck', 'Clark', 9, 3, 183, 205, 1995-04-19, 40),
('Brandon', 'Stephens', 9, 3, 185, 215, 1997-12-29, 65),
('Jordan', 'Poyer', 9, 4, 183, 191, 1991-04-25, 70),
('Jaquan', 'Johnson', 9, 4, 178, 191, 1995-11-06, 72),
('Damar', 'Hamlin', 9, 4, 183, 200, 1998-03-24, 43),
('Xavier', 'Woods', 9, 5, 180, 204, 1995-07-26, 108),
('Sam', 'Franklin', 9, 5, 190, 210, 1996-02-02, 51),
('Jeremy', 'Chinn', 9, 5, 190, 220, 1998-02-26, 113),
('Sean', 'Chandler', 9, 5, 178, 200, 1996-04-27, 51),
('Myles', 'Hartsfield', 8, 5, 180, 210, 1997-08-05, 89),
('Eddie', 'Jackson', 9, 6, 183, 206, 1993-12-10, 33),
('DeAndre', 'Houston-Carson', 9, 6, 183, 202, 1993-04-13, 205),
('Elijah', 'Hicks', 9, 6, 180, 201, 1999-10-16, 19),
('Jaquan', 'Brisker', 9, 6, 185, 200, 1999-04-20, 66),
('Michael', 'Thomas', 9, 7, 180, 195, 1990-03-17, 22),
('Daxton', 'Hill', 8, 7, 183, 192, 2000-09-29, 27),
('Vonn', 'Bell', 9, 7, 180, 205, 1994-12-12, 10),
('Jessie', 'Bates III', 9, 7, 185, 200, 1997-02-26, 32),
('John', 'Johnson', 9, 8, 183, 209, 1995-12-19, 24),
('Ronnie', 'Harrison', 9, 8, 190, 214, 1997-04-18, 33),
('Grant', 'Delpit', 9, 8, 190, 208, 1998-09-20, 12),
('D''Anthony', 'Bell', 9, 8, 185, 211, 1996-10-17, 206),
('Donovan', 'Wilson', 9, 9, 183, 204, 1995-02-21, 23),
('Israel', 'Mukuamu', 9, 9, 193, 205, 1999-11-28, 54),
('Jayron', 'Kearse', 9, 9, 193, 215, 1994-02-11, 14),
('Malik', 'Hooker', 9, 9, 188, 212, 1996-04-02, 10),
('Delarrin', 'Turner-Yell', 9, 10, 180, 200, 1999-12-16, 1),
('Justin', 'Simmons', 9, 10, 188, 202, 1993-11-19, 24),
('P.J.', 'Locke', 9, 10, 178, 202, 1997-02-12, 2),
('Kareem', 'Jackson', 9, 10, 178, 183, 1998-04-10, 33),
('C.J.', 'Moore', 9, 11, 180, 197, 1995-12-15, 89),
('Ifeatu', 'Melifonwu', 8, 11, 190, 210, 1999-05-02, 169),
('Kerby', 'Joseph', 8, 11, 185, 190, 2000-11-14, 137),
('DeShon', 'Elliott', 9, 11, 185, 210, 1997-04-21, 2),
('Darnell', 'Savage Jr.', 9, 12, 180, 198, 1997-07-30, 59),
('Dallin', 'Leavitt', 9, 12, 178, 195, 1994-08-08, 21),
('Rudy', 'Ford', 9, 12, 183, 204, 1994-11-01, 29),
('Tariq', 'Carpenter', 8, 12, 193, 225, 1998-12-28, 110),
('Adrian', 'Amos', 9, 12, 183, 214, 1993-04-29, 66),
('Jalen', 'Pitre', 9, 13, 183, 197, 1999-06-03, 86),
('Jonathan', 'Owens', 9, 13, 180, 210, 1995-07-22, 198),
('Desmond', 'King', 9, 13, 178, 200, 1994-12-14, 25),
('Rodney', 'McLeod', 9, 14, 178, 195, 1990-06-23, 55),
('Nick', 'Cross', 9, 14, 185, 210, 2001-09-10, 59),
('Julian', 'Blackmon', 9, 14, 183, 187, 1998-08-24, 6),
('Rodney', 'Thomas II', 9, 14, 188, 200, 1998-06-26, 134),
('Andrew', 'Wingard', 9, 15, 183, 209, 1996-12-05, 7),
('Daniel', 'Thomas', 9, 15, 178, 215, 1998-07-01, 29),
('Rayshawn', 'Jenkins', 9, 15, 185, 220, 1994-01-25, 72),
('Andre', 'Cisco', 9, 15, 183, 209, 2000-03-23, 169),
('Juan', 'Thornhill', 9, 16, 183, 203, 1995-10-19, 55),
('Justin', 'Reid', 9, 16, 185, 203, 1997-02-15, 22),
('Nazeeh', 'Johnson', 9, 16, 188, 189, 1998-07-17, 139),
('Bryan', 'Cook', 9, 16, 185, 210, 1999-09-07, 4),
('Deon', 'Bush', 9, 16, 183, 187, 1993-08-14, 72),
('Roderic', 'Teamer', 9, 17, 183, 205, 1997-05-12, 63),
('Isaiah', 'Pola-Mao', 9, 17, 193, 210, 1999-06-30, 9),
('Trevon', 'Moehrig', 9, 17, 188, 202, 1999-06-16, 38),
('Duron', 'Harmon', 9, 17, 183, 205, 1991-01-24, 103),
('Matthias', 'Farley', 9, 17, 180, 209, 1992-07-15, 61),
('Jonathan', 'Abram', 9, 17, 183, 205, 1996-10-25, 16),
('JT', 'Woods', 9, 18, 188, 211, 2000-06-10, 86),
('Derwin', 'James', 9, 18, 188, 215, 1996-08-03, 37),
('Alohi', 'Gilman', 9, 18, 178, 201, 1997-09-17, 61),
('Nasir', 'Adderley', 9, 18, 183, 206, 1997-05-31, 170),
('Russ', 'Yeast', 9, 19, 178, 195, 1999-05-08, 92),
('Quentin', 'Lake', 9, 19, 185, 205, 1999-01-29, 142),
('Taylor', 'Rapp', 9, 19, 183, 208, 1997-12-22, 71),
('Eric', 'Rowe', 9, 20, 185, 205, 1992-10-03, 6),
('Verone', 'McKinley', 9, 20, 180, 196, 2000-06-29, 3),
('Jevon', 'Holland', 9, 20, 185, 196, 2000-03-03, 3),
('Clayton', 'Fejedelem', 9, 20, 185, 205, 1993-06-02, 137),
('Harrison', 'Smith', 9, 21, 188, 211, 1989-02-02, 61),
('Josh', 'Metellus', 9, 21, 180, 207, 1998-01-21, 27),
('Theo', 'Jackson', 9, 21, 188, 203, 1998-10-02, 80),
('Camryn', 'Bynum', 9, 21, 183, 200, 1998-07-19, 19),
('Jabrill', 'Peppers', 9, 22, 180, 215, 1995-10-04, 27),
('Daniel', 'Sorensen', 9, 23, 188, 200, 1990-03-05, 41),
('Marcus', 'Maye', 9, 23, 183, 207, 1993-03-09, 57),
('Tyrann', 'Mathieu', 9, 23, 175, 190, 1992-05-13, 12),
('Justin', 'Evans', 9, 23, 183, 199, 1995-08-26, 23),
('Jason', 'Pinnock', 9, 24, 183, 205, 1999-06-30, 43),
('Xavier', 'McKinney', 9, 24, 183, 201, 1999-08-09, 33),
('Julian', 'Love', 9, 24, 180, 195, 1998-03-19, 61),
('Tony', 'Jefferson', 9, 24, 180, 211, 1992-01-27, 1),
('Dane', 'Belton', 9, 24, 185, 205, 2000-12-07, 25),
('Jordan', 'Whitehead', 9, 25, 178, 198, 1997-03-18, 43),
('Will', 'Parks', 9, 25, 185, 194, 1994-07-29, 62),
('Lamarcus', 'Joyner', 9, 25, 173, 185, 1990-11-27, 37),
('Ashtyn', 'Davis', 9, 25, 185, 200, 1996-10-10, 19),
('Tony', 'Adams', 9, 25, 180, 203, 1999-01-24, 137),
('K''Von', 'Wallace', 9, 26, 180, 205, 1997-07-25, 14),
('C.J.', 'Gardner-Johnson', 9, 26, 180, 210, 1997-12-20, 57),
('Marcus', 'Epps', 9, 26, 183, 198, 1996-01-27, 7),
('Reed', 'Blankenship', 9, 26, 185, 196, 1999-03-03, 88),
('Miles', 'Killebrew', 9, 27, 188, 222, 1993-05-10, 133),
('Damontae', 'Kazee', 9, 27, 180, 174, 1993-06-05, 111),
('Minkah', 'Fitzpatrick', 9, 27, 185, 207, 1996-11-17, 33),
('Terrell', 'Edmunds', 9, 27, 185, 217, 1997-01-20, 40),
('Talanoa', 'Hufanga', 9, 28, 183, 200, 1999-02-02, 9),
('Tashaun', 'Gipson', 9, 28, 185, 207, 1990-08-07, 7),
('Jimmie', 'Ward', 9, 28, 180, 195, 1991-07-18, 135),
('George', 'Odum', 9, 28, 185, 202, 1993-11-03, 194),
('Tarvarius', 'Moore', 9, 28, 188, 200, 1996-08-16, 35),
('Teez', 'Tabor', 9, 29, 183, 191, 1995-12-31, 57),
('Ryan', 'Neal', 9, 29, 190, 200, 1995-12-24, 113),
('Quandre', 'Diggs', 9, 29, 175, 197, 1993-01-22, 2),
('Joey', 'Blount', 9, 29, 185, 205, 1998-11-16, 55),
('Antoine', 'Winfield Jr.', 9, 30, 175, 203, 1998-08-16, 56),
('Logan', 'Ryan', 8, 30, 180, 195, 1991-02-09, 103),
('Keanu', 'Neal', 9, 30, 183, 211, 1995-07-26, 57),
('Mike', 'Edwards', 9, 30, 178, 205, 1996-05-18, 186),
('Kevin', 'Byard', 9, 31, 180, 212, 1993-08-17, 88),
('Amani', 'Hooker', 9, 31, 180, 210, 1998-06-14, 25),
('Andrew', 'Adams', 9, 31, 180, 205, 1992-10-28, 152),
('Jeremy', 'Reaves', 9, 32, 180, 205, 1996-08-29, 123),
('Bobby', 'McCain', 9, 32, 175, 196, 1993-08-18, 97),
('Darrick', 'Forrest', 9, 32, 183, 200, 1999-05-22, 4),
('Kamren', 'Curl', 9, 32, 188, 198, 1999-03-03, 13),
('Percy', 'Butler', 9, 32, 183, 190, 2000-05-29, 109),
('Matt', 'Prater', 10, 1, 178, 201, 1984-08-10, 58),
('Andy', 'Lee', 11, 1, 185, 185, 1982-08-11, 43),
('Younghoe', 'Koo', 10, 2, 175, 185, 1994-08-03, 104),
('Bradley', 'Pinion', 11, 2, 196, 229, 1994-06-01, 14),
('Justin', 'Tucker', 10, 3, 185, 183, 1989-11-21, 2),
('Jordan', 'Stout', 11, 3, 190, 209, 1998-08-04, 66),
('Tyler', 'Bass', 10, 4, 178, 183, 1997-02-14, 104),
('Sam', 'Martin', 11, 4, 185, 211, 1990-02-27, 131),
('Eddy', 'Pineiro', 10, 5, 180, 177, 1995-09-13, 57),
('Johnny', 'Hekker', 11, 5, 196, 241, 1990-02-08, 70),
('Cairo', 'Santos', 10, 6, 173, 175, 1991-11-12, 63),
('Trenton', 'Gill', 11, 6, 193, 219, 1999-01-01, 15),
('Evan', 'McPherson', 10, 7, 178, 195, 1999-07-21, 57),
('Kevin', 'Huber', 11, 7, 185, 210, 1985-07-16, 4),
('Cade', 'York', 10, 8, 185, 198, 2001-01-27, 12),
('Corey', 'Bojorquez', 11, 8, 183, 217, 1996-09-13, 207),
('Brett', 'Maher', 10, 9, 185, 183, 1989-11-21, 129),
('Bryan', 'Anger', 11, 9, 190, 202, 1988-10-06, 19),
('Brandon', 'McManus', 10, 10, 190, 201, 1991-07-25, 51),
('Corliss', 'Waitman', 11, 10, 188, 210, 1995-07-21, 123),
('Michael', 'Badgley', 10, 11, 178, 183, 1995-07-28, 72),
('Jack', 'Fox', 11, 11, 188, 215, 1996-09-01, 158),
('Mason', 'Crosby', 10, 12, 185, 207, 1984-09-03, 60),
('Pat', 'O''Donnell', 11, 12, 193, 223, 1991-02-22, 72),
('Ka''imi', 'Fairbairn', 10, 13, 183, 183, 1994-01-29, 142),
('Cameron', 'Johnston', 11, 13, 180, 194, 1992-02-24, 10),
('Chase', 'McLaughlin', 10, 14, 183, 180, 1996-04-09, 137),
('Matt', 'Haack', 11, 14, 183, 205, 1994-07-25, 53),
('Riley', 'Patterson', 10, 15, 183, 190, 1999-09-07, 97),
('Logan', 'Cooke', 11, 15, 196, 230, 1995-07-28, 16),
('Harrison', 'Butker', 10, 16, 193, 196, 1995-07-14, 110),
('Tommy', 'Townsend', 11, 16, 185, 194, 1996-11-12, 57),
('Daniel', 'Carlson', 10, 17, 196, 215, 1995-01-23, 29),
('AJ', 'Cole III', 11, 17, 193, 220, 1995-11-27, 15),
('Cameron', 'Dicker', 10, 18, 185, 216, 2000-05-06, 2),
('JK', 'Scott', 11, 18, 198, 208, 1995-10-30, 33),
('Matt', 'Gay', 10, 19, 183, 232, 1994-03-15, 6),
('Riley', 'Dixon', 11, 19, 193, 221, 1993-08-24, 169),
('Jason', 'Sanders', 10, 20, 180, 197, 1995-11-16, 207),
('Thomas', 'Morstead', 11, 20, 193, 235, 1986-03-08, 65),
('Greg', 'Joseph', 10, 21, 183, 206, 1994-08-04, 96),
('Ryan', 'Wright', 11, 21, 190, 245, 2000-06-01, 63),
('Nick', 'Folk', 10, 22, 185, 222, 1984-11-05, 62),
('Jake', 'Bailey', 11, 22, 188, 205, 1997-06-18, 22),
('Will', 'Lutz', 10, 23, 180, 184, 1994-07-07, 202),
('Blake', 'Gillikin', 11, 23, 188, 196, 1998-01-21, 66),
('Graham', 'Gano', 10, 24, 188, 202, 1987-04-09, 37),
('Jamie', 'Gillan', 11, 24, 185, 207, 1997-07-04, 148),
('Greg', 'Zuerlein', 10, 25, 183, 191, 1987-12-27, 198),
('Braden', 'Mann', 11, 25, 180, 198, 1997-11-24, 23),
('Jake', 'Elliott', 10, 26, 175, 167, 1995-01-21, 97),
('Arryn', 'Siposs', 11, 26, 188, 212, 1992-11-25, 29),
('Chris', 'Boswell', 10, 27, 188, 185, 1991-03-16, 158),
('Pressley', 'Harvin III', 11, 27, 183, 255, 1998-09-17, 110),
('Robbie', 'Gould', 10, 28, 183, 190, 1982-12-06, 66),
('Mitch', 'Wishnowsky', 11, 28, 188, 220, 1992-03-03, 6),
('Jason', 'Myers', 10, 29, 178, 190, 1991-05-12, 208),
('Michael', 'Dickson', 11, 29, 188, 208, 1996-01-04, 2),
('Ryan', 'Succop', 10, 30, 188, 218, 1986-09-19, 54),
('Jake', 'Camarda', 11, 30, 188, 180, 1999-04-20, 31),
('Randy', 'Bullock', 10, 31, 175, 210, 1989-12-16, 23),
('Ryan', 'Stonehouse', 11, 31, 180, 185, 1999-05-11, 64),
('Joey', 'Slye', 10, 32, 180, 213, 1996-04-10, 40),
('Tress', 'Way', 11, 32, 185, 220, 1990-04-18, 1);






--VIEWS--

--League Breakdown View--
 SELECT 
     teams.team_name AS 'Team Name',
     teams.year_est AS 'Year Established',
     conference.conf_name AS 'Conference',
     division.div_name AS 'Division',
     stadium.stadium_name AS 'Stadium'
 FROM teams
   INNER JOIN conference ON teams.conf_id=conference.conf_id
   INNER JOIN division ON teams.div_id=division.div_id
   INNER JOIN stadium ON teams.stadium_id=stadium.stadium_id
ORDER BY conference, division;


SELECT 
    teams.team_name AS 'Team',
    stadium.stadium_name AS 'Stadium Name',
    stadium.stadium_capacity AS 'Capacity',
    stadium.city AS 'City',
    state.state_name AS 'State'   
FROM stadium
  INNER JOIN state ON stadium.state_id=state.state_id
  INNER JOIN teams ON stadium.stadium_id=teams.stadium_id
ORDER BY stadium_capacity DESC;  






